TRUE,Undefined
TRUE,Undefined
TRUE,Undefined
TRUE,sweden
TRUE,japan
TRUE,united states
TRUE,sweden
FALSE,Undefined
FALSE,Undefined
TRUE,united states
TRUE,united kingdom
TRUE,sweden
TRUE,united states
TRUE,sweden
TRUE,Undefined
TRUE,sweden
TRUE,sweden
TRUE,sweden
TRUE,united states
TRUE,sweden
FALSE,united states
TRUE,united states
TRUE,sweden
FALSE,Undefined
TRUE,united states
FALSE,Undefined
TRUE,united states
TRUE,guatemala
FALSE,Undefined
FALSE,Undefined
TRUE,Undefined
TRUE,united states
TRUE,united states
TRUE,sweden
TRUE,sweden
TRUE,united kingdom
TRUE,united states
FALSE,hong kong
TRUE,united states
FALSE,Undefined
FALSE,Undefined
FALSE,Undefined
TRUE,united states
TRUE,united states
TRUE,united states
FALSE,Undefined
FALSE,Undefined
TRUE,united states
FALSE,Undefined
TRUE,united states
TRUE,united states
TRUE,Undefined
TRUE,united states
TRUE,united states
TRUE,Undefined
TRUE,united states
TRUE,united states
TRUE,united kingdom
TRUE,united states
TRUE,united kingdom
TRUE,united states
TRUE,Undefined
TRUE,united states
TRUE,united states
TRUE,united states
TRUE,united states
TRUE,united states
TRUE,united states
TRUE,Undefined
TRUE,Undefined
TRUE,united states
TRUE,united kingdom
TRUE,united states
TRUE,united states
TRUE,united states
TRUE,Undefined
FALSE,Undefined
TRUE,united kingdom
TRUE,united states
FALSE,Undefined
FALSE,poland
TRUE,united states
TRUE,united states
TRUE,china
TRUE,Undefined
TRUE,japan
TRUE,united states
TRUE,united states
TRUE,Undefined
TRUE,Undefined
TRUE,united states
TRUE,united states
FALSE,united states
TRUE,united states
TRUE,Undefined
TRUE,united states
TRUE,united kingdom
TRUE,united states
TRUE,Undefined
TRUE,united kingdom
TRUE,united states
TRUE,united states
TRUE,united states
TRUE,Undefined
TRUE,france
TRUE,united states
FALSE,Undefined
FALSE,Undefined
TRUE,united states
TRUE,united states
TRUE,united kingdom
TRUE,united states
TRUE,japan
TRUE,united states
FALSE,united states
TRUE,united states
TRUE,Undefined
FALSE,united states
TRUE,united states
TRUE,Undefined
FALSE,united states
TRUE,united states
TRUE,united states
TRUE,Undefined
TRUE,united states
TRUE,united states
TRUE,Undefined
TRUE,united states
TRUE,united states
TRUE,Undefined
TRUE,united states
TRUE,Undefined
TRUE,Undefined
FALSE,norway
TRUE,Undefined
TRUE,united states
TRUE,united states
FALSE,united states
FALSE,Undefined
TRUE,united states
TRUE,Undefined
TRUE,united states
TRUE,united states
TRUE,Undefined
TRUE,united states
TRUE,united states
TRUE,united kingdom
FALSE,china
TRUE,united states
TRUE,united states
TRUE,united states
TRUE,united states
TRUE,united states
TRUE,united states
TRUE,united states
TRUE,united kingdom
TRUE,united states
TRUE,united states
TRUE,united kingdom
TRUE,united kingdom
TRUE,united states
TRUE,Undefined
TRUE,Undefined
FALSE,Undefined
FALSE,Undefined
FALSE,Undefined
TRUE,united states
TRUE,united kingdom
TRUE,Undefined
TRUE,united kingdom
TRUE,united states
TRUE,united states
FALSE,brazil
TRUE,Undefined
TRUE,Undefined
TRUE,Undefined
FALSE,united states
TRUE,united states
TRUE,united states
TRUE,united states
TRUE,united states
TRUE,Undefined
TRUE,united states
TRUE,united states
FALSE,united kingdom
TRUE,united states
FALSE,Undefined
TRUE,united states
TRUE,united kingdom
TRUE,united kingdom
TRUE,Undefined
TRUE,Undefined
TRUE,Undefined
FALSE,Undefined
TRUE,united states
FALSE,Undefined
TRUE,Undefined
TRUE,united states
TRUE,united kingdom
TRUE,united states
TRUE,united states
FALSE,Undefined
TRUE,australia
TRUE,united kingdom
TRUE,Undefined
TRUE,united kingdom
TRUE,romania
FALSE,Undefined
FALSE,Undefined
TRUE,Undefined
TRUE,norway
TRUE,united states
TRUE,united states
TRUE,united states
TRUE,united states
TRUE,united states
TRUE,norway
TRUE,Undefined
TRUE,united states
TRUE,Undefined
TRUE,Undefined
TRUE,Undefined
TRUE,Undefined
TRUE,Undefined
TRUE,Undefined
TRUE,united states
TRUE,Undefined
TRUE,Undefined
TRUE,Undefined
TRUE,Undefined
TRUE,united states
TRUE,united kingdom
TRUE,united states
TRUE,united states
FALSE,Undefined
TRUE,Undefined
TRUE,united kingdom
TRUE,united kingdom
FALSE,germany
TRUE,united kingdom
TRUE,Undefined
TRUE,united states
TRUE,united states
FALSE,Undefined
TRUE,Undefined
TRUE,Undefined
TRUE,united states
TRUE,united kingdom
TRUE,united states
FALSE,united states
TRUE,Undefined
TRUE,united kingdom
TRUE,Undefined
TRUE,united states
TRUE,united states
TRUE,united states
TRUE,united states
TRUE,japan
FALSE,sweden
TRUE,Undefined
TRUE,Undefined
TRUE,united states
FALSE,united states
TRUE,united states
TRUE,Undefined
TRUE,Undefined
FALSE,Undefined
FALSE,Undefined
FALSE,Undefined
FALSE,Undefined
TRUE,Undefined
FALSE,united states
TRUE,Undefined
TRUE,Undefined
FALSE,japan
TRUE,Undefined
FALSE,ireland
TRUE,Undefined
TRUE,united kingdom
TRUE,sweden
FALSE,Undefined
TRUE,united states
TRUE,Undefined
TRUE,Undefined
TRUE,united states
TRUE,Undefined
TRUE,united states
TRUE,Undefined
FALSE,Undefined
TRUE,Undefined
TRUE,Undefined
TRUE,Undefined
TRUE,Undefined
TRUE,Undefined
TRUE,Undefined
FALSE,united kingdom
FALSE,italy
TRUE,Undefined
TRUE,italy
TRUE,italy
TRUE,canada
TRUE,united states
FALSE,philippines
TRUE,united states
TRUE,united states
TRUE,Undefined
TRUE,Undefined
TRUE,united kingdom
TRUE,Undefined
TRUE,sweden
TRUE,sweden
FALSE,Undefined
TRUE,Undefined
TRUE,united states
TRUE,Undefined
TRUE,united states
TRUE,united states
TRUE,Undefined
TRUE,Undefined
TRUE,Undefined
TRUE,united states
TRUE,united states
TRUE,united states
TRUE,united states
TRUE,Undefined
TRUE,united states
TRUE,united states
TRUE,united states
TRUE,united states
TRUE,united states
TRUE,Undefined
TRUE,united states
TRUE,united states
TRUE,france
TRUE,Undefined
TRUE,Undefined
TRUE,Undefined
TRUE,united states
TRUE,united states
FALSE,Undefined
TRUE,Undefined
FALSE,united states
TRUE,united states
TRUE,united states
TRUE,united states
TRUE,united states
TRUE,united states
TRUE,Undefined
TRUE,united states
TRUE,united states
TRUE,united states
TRUE,united states
TRUE,Undefined
TRUE,Undefined
FALSE,Undefined
TRUE,united states
TRUE,italy
FALSE,united states
FALSE,Undefined
TRUE,Undefined
TRUE,united states
TRUE,united states
TRUE,Undefined
TRUE,united states
TRUE,united states
TRUE,united kingdom
TRUE,united kingdom
TRUE,united states
TRUE,united states
TRUE,united states
TRUE,italy
TRUE,italy
TRUE,united states
TRUE,united states
TRUE,united states
TRUE,canada
TRUE,Undefined
TRUE,united states
TRUE,united states
TRUE,japan
TRUE,germany
FALSE,Undefined
TRUE,italy
TRUE,united states
TRUE,united states
TRUE,united kingdom
TRUE,italy
FALSE,united states
TRUE,Undefined
TRUE,Undefined
TRUE,united states
TRUE,united states
TRUE,italy
TRUE,italy
TRUE,united states
TRUE,united states
TRUE,united states
TRUE,united states
TRUE,united states
TRUE,united states
TRUE,united states
TRUE,united kingdom
TRUE,norway
TRUE,united kingdom
TRUE,united states
TRUE,spain
TRUE,new zealand
TRUE,united states
TRUE,united states
TRUE,united states
TRUE,united states
TRUE,united states
TRUE,mexico
TRUE,united states
TRUE,japan
TRUE,israel
TRUE,united states
FALSE,philippines
FALSE,Undefined
FALSE,Undefined
TRUE,Undefined
TRUE,Undefined
TRUE,portugal
TRUE,Undefined
TRUE,Undefined
TRUE,Undefined
TRUE,Undefined
TRUE,japan
TRUE,Undefined
TRUE,Undefined
TRUE,Undefined
FALSE,Undefined
TRUE,united states
TRUE,united states
FALSE,Undefined
TRUE,united states
TRUE,Undefined
TRUE,united states
TRUE,united states
FALSE,Undefined
FALSE,portugal
TRUE,Undefined
FALSE,Undefined
TRUE,Undefined
TRUE,Undefined
FALSE,Undefined
TRUE,Undefined
FALSE,Undefined
TRUE,Undefined
TRUE,Undefined
TRUE,Undefined
TRUE,Undefined
TRUE,Undefined
TRUE,united states
FALSE,norway
TRUE,united states
TRUE,Undefined
TRUE,Undefined
TRUE,united states
TRUE,Undefined
TRUE,united states
TRUE,Undefined
TRUE,Undefined
TRUE,india
TRUE,Undefined
FALSE,Undefined
FALSE,egypt
TRUE,united states
TRUE,united kingdom
TRUE,united states
TRUE,united states
FALSE,united states
TRUE,Undefined
TRUE,united states
TRUE,sweden
TRUE,united states
TRUE,united states
TRUE,united kingdom
TRUE,united kingdom
TRUE,united states
TRUE,Undefined
TRUE,Undefined
TRUE,Undefined
TRUE,Undefined
TRUE,united states
TRUE,united states
TRUE,united states
TRUE,united kingdom
TRUE,Undefined
TRUE,united states
TRUE,united states
TRUE,united states
TRUE,united states
TRUE,Undefined
TRUE,united states
FALSE,Undefined
TRUE,united states
FALSE,pakistan
FALSE,pakistan
TRUE,united kingdom
TRUE,Undefined
TRUE,united kingdom
TRUE,united states
FALSE,Undefined
FALSE,romania
TRUE,Undefined
TRUE,united states
TRUE,Undefined
FALSE,united states
TRUE,united states
TRUE,united states
TRUE,united states
TRUE,Undefined
TRUE,united kingdom
TRUE,united states
TRUE,united states
TRUE,united states
TRUE,united kingdom
FALSE,Undefined
TRUE,Undefined
FALSE,Undefined
TRUE,united kingdom
TRUE,Undefined
TRUE,germany
TRUE,united kingdom
TRUE,Undefined
TRUE,germany
TRUE,united kingdom
TRUE,united kingdom
TRUE,united states
FALSE,united states
TRUE,Undefined
FALSE,Undefined
TRUE,italy
TRUE,sweden
TRUE,Undefined
TRUE,united kingdom
TRUE,Undefined
FALSE,Undefined
TRUE,Undefined
TRUE,italy
FALSE,Undefined
TRUE,united states
TRUE,united kingdom
TRUE,united kingdom
TRUE,italy
TRUE,sweden
TRUE,united states
TRUE,united kingdom
TRUE,italy
FALSE,Undefined
FALSE,Undefined
TRUE,united states
TRUE,united states
TRUE,united states
FALSE,Undefined
FALSE,Undefined
FALSE,united states
TRUE,Undefined
FALSE,Undefined
FALSE,united states
TRUE,united states
TRUE,united states
TRUE,sweden
TRUE,united states
TRUE,united states
TRUE,sweden
TRUE,norway
TRUE,united states
TRUE,united states
TRUE,Undefined
TRUE,Undefined
FALSE,bulgaria
FALSE,Undefined
TRUE,united states
TRUE,Undefined
FALSE,Undefined
FALSE,united states
TRUE,united states
TRUE,united states
TRUE,Undefined
TRUE,united kingdom
TRUE,united states
TRUE,Undefined
TRUE,united states
FALSE,Undefined
TRUE,united kingdom
TRUE,sweden
TRUE,united states
TRUE,Undefined
FALSE,Undefined
TRUE,united states
TRUE,united states
TRUE,japan
FALSE,belarus
TRUE,united states
TRUE,united states
TRUE,canada
FALSE,Undefined
TRUE,united kingdom
TRUE,italy
TRUE,italy
TRUE,Undefined
FALSE,Undefined
TRUE,Undefined
FALSE,Undefined
FALSE,Undefined
TRUE,italy
FALSE,Undefined
TRUE,united states
TRUE,Undefined
TRUE,italy
TRUE,italy
TRUE,italy
TRUE,united states
TRUE,italy
FALSE,Undefined
FALSE,Undefined
TRUE,italy
TRUE,italy
TRUE,germany
TRUE,united states
TRUE,united states
TRUE,italy
TRUE,italy
TRUE,Undefined
TRUE,Undefined
TRUE,united states
FALSE,united states
FALSE,Undefined
TRUE,united states
TRUE,sweden
FALSE,Undefined
TRUE,sweden
TRUE,italy
TRUE,united states
TRUE,united states
TRUE,united states
TRUE,Undefined
FALSE,united states
TRUE,italy
FALSE,Undefined
TRUE,united states
TRUE,united states
TRUE,italy
TRUE,united states
TRUE,united states
TRUE,brazil
TRUE,italy
TRUE,Undefined
TRUE,united states
TRUE,united states
TRUE,italy
TRUE,italy
FALSE,Undefined
TRUE,italy
TRUE,italy
FALSE,Undefined
FALSE,Undefined
TRUE,united states
TRUE,united states
TRUE,united states
TRUE,united states
TRUE,united states
TRUE,united states
TRUE,united states
TRUE,united states
TRUE,united states
TRUE,united states
TRUE,italy
FALSE,Undefined
TRUE,italy
TRUE,italy
TRUE,italy
TRUE,united states
TRUE,italy
TRUE,italy
TRUE,united states
TRUE,united states
TRUE,united states
TRUE,italy
TRUE,italy
FALSE,Undefined
TRUE,italy
TRUE,united states
TRUE,united states
TRUE,united states
TRUE,united states
TRUE,italy
FALSE,Undefined
TRUE,united kingdom
TRUE,united states
TRUE,Undefined
FALSE,Undefined
TRUE,Undefined
TRUE,Undefined
TRUE,Undefined
FALSE,germany
TRUE,Undefined
TRUE,sweden
TRUE,united kingdom
TRUE,russia
TRUE,united states
TRUE,united kingdom
TRUE,israel
TRUE,united states
FALSE,israel
TRUE,united kingdom
TRUE,united states
TRUE,united states
TRUE,united kingdom
FALSE,united states
TRUE,united states
TRUE,united states
TRUE,united kingdom
FALSE,Undefined
FALSE,Undefined
TRUE,Undefined
TRUE,united states
TRUE,united states
TRUE,japan
TRUE,new zealand
TRUE,Undefined
FALSE,france
FALSE,india
TRUE,united states
TRUE,united states
TRUE,united states
TRUE,united states
FALSE,Undefined
TRUE,united states
TRUE,united kingdom
FALSE,Undefined
FALSE,Undefined
FALSE,Undefined
TRUE,united kingdom
TRUE,united states
TRUE,italy
TRUE,united states
TRUE,Undefined
FALSE,united states
TRUE,united states
TRUE,united states
TRUE,japan
TRUE,united states
TRUE,united states
TRUE,italy
TRUE,united states
TRUE,italy
TRUE,united states
FALSE,italy
TRUE,united states
TRUE,italy
FALSE,Undefined
TRUE,united states
TRUE,italy
TRUE,italy
TRUE,italy
FALSE,bangladesh
TRUE,united kingdom
FALSE,united states
FALSE,united states
FALSE,Undefined
TRUE,Undefined
FALSE,germany
TRUE,united states
TRUE,Undefined
TRUE,united states
TRUE,united states
TRUE,united states
TRUE,united states
TRUE,italy
TRUE,Undefined
TRUE,united kingdom
TRUE,Undefined
TRUE,united states
TRUE,united states
TRUE,italy
TRUE,Undefined
TRUE,united kingdom
FALSE,united states
TRUE,united states
FALSE,Undefined
TRUE,japan
TRUE,united states
FALSE,united states
TRUE,italy
TRUE,united states
TRUE,united kingdom
TRUE,united states
TRUE,italy
FALSE,Undefined
TRUE,united states
TRUE,italy
TRUE,united states
FALSE,india
TRUE,japan
TRUE,united states
TRUE,united kingdom
TRUE,united states
TRUE,united kingdom
TRUE,Undefined
TRUE,united states
TRUE,united states
TRUE,italy
FALSE,Undefined
TRUE,united states
TRUE,Undefined
TRUE,united states
TRUE,united states
TRUE,united kingdom
TRUE,united states
FALSE,united states
TRUE,united states
TRUE,united states
TRUE,Undefined
TRUE,Undefined
TRUE,Undefined
TRUE,united states
FALSE,argentina
TRUE,united states
TRUE,argentina
TRUE,united states
TRUE,united states
TRUE,united states
TRUE,Undefined
FALSE,india
TRUE,united states
TRUE,italy
FALSE,united states
TRUE,Undefined
TRUE,italy
TRUE,united states
TRUE,united states
FALSE,united states
TRUE,united states
TRUE,united states
TRUE,united states
TRUE,Undefined
FALSE,france
TRUE,italy
TRUE,united states
TRUE,united states
TRUE,Undefined
TRUE,Undefined
FALSE,united kingdom
TRUE,united states
TRUE,united states
TRUE,united states
TRUE,united states
TRUE,united states
TRUE,united states
FALSE,Undefined
TRUE,united states
FALSE,Undefined
TRUE,Undefined
TRUE,Undefined
FALSE,Undefined
FALSE,Undefined
TRUE,united states
TRUE,united states
TRUE,united states
TRUE,united states
TRUE,united states
TRUE,united states
TRUE,italy
TRUE,united states
TRUE,united states
TRUE,united states
TRUE,united states
TRUE,united states
TRUE,united states
TRUE,italy
TRUE,united states
TRUE,united states
TRUE,united states
TRUE,united states
TRUE,united states
TRUE,united states
TRUE,united states
TRUE,united kingdom
TRUE,united states
TRUE,united states
TRUE,united states
TRUE,Undefined
FALSE,Undefined
TRUE,italy
TRUE,united states
TRUE,united states
TRUE,Undefined
TRUE,united states
TRUE,italy
TRUE,italy
FALSE,Undefined
TRUE,australia
TRUE,austria
FALSE,pakistan
TRUE,italy
TRUE,united states
TRUE,Undefined
TRUE,italy
TRUE,italy
TRUE,italy
FALSE,united states
FALSE,united states
TRUE,united states
FALSE,Undefined
FALSE,Undefined
FALSE,Undefined
TRUE,taiwan
TRUE,united states
TRUE,italy
TRUE,united states
TRUE,united states
TRUE,germany
TRUE,united states
TRUE,united states
TRUE,united states
TRUE,italy
TRUE,Undefined
TRUE,united states
TRUE,united states
TRUE,Undefined
TRUE,italy
FALSE,united states
FALSE,colombia
TRUE,italy
TRUE,united states
FALSE,germany
TRUE,united states
TRUE,united states
TRUE,italy
TRUE,Undefined
TRUE,united states
TRUE,italy
TRUE,united states
FALSE,canada
TRUE,united states
TRUE,united states
TRUE,united states
FALSE,united states
FALSE,united states
TRUE,Undefined
TRUE,italy
TRUE,united states
FALSE,Undefined
TRUE,united states
TRUE,united states
TRUE,israel
TRUE,united states
TRUE,united states
TRUE,united states
FALSE,japan
TRUE,united states
FALSE,taiwan
TRUE,united states
TRUE,united states
TRUE,Undefined
TRUE,united states
TRUE,Undefined
TRUE,italy
TRUE,finland
TRUE,united states
TRUE,united states
FALSE,united states
FALSE,canada
FALSE,Undefined
TRUE,Undefined
TRUE,finland
TRUE,united states
FALSE,Undefined
TRUE,united states
TRUE,Undefined
TRUE,italy
TRUE,united states
TRUE,united states
FALSE,Undefined
TRUE,united states
TRUE,italy
TRUE,italy
TRUE,united states
TRUE,united states
TRUE,malta
TRUE,united states
TRUE,united states
TRUE,Undefined
TRUE,united states
TRUE,united states
FALSE,united states
FALSE,laos
TRUE,japan
FALSE,finland
TRUE,united states
TRUE,united states
TRUE,united states
TRUE,united states
TRUE,united states
TRUE,united states
TRUE,Undefined
TRUE,Undefined
TRUE,japan
TRUE,Undefined
TRUE,united states
TRUE,united states
TRUE,united states
TRUE,united states
FALSE,thailand
TRUE,italy
TRUE,russia
TRUE,Undefined
TRUE,united states
TRUE,united states
TRUE,united states
TRUE,united states
FALSE,united states
TRUE,Undefined
TRUE,united states
TRUE,Undefined
TRUE,united states
FALSE,canada
TRUE,united states
TRUE,united states
TRUE,Undefined
TRUE,united states
TRUE,united states
TRUE,united states
TRUE,united states
TRUE,united states
TRUE,united states
FALSE,portugal
FALSE,portugal
TRUE,united states
TRUE,united states
FALSE,united states
TRUE,united states
FALSE,Undefined
TRUE,united states
TRUE,united states
TRUE,united states
TRUE,united states
TRUE,Undefined
TRUE,germany
TRUE,Undefined
TRUE,united states
TRUE,united states
FALSE,germany
FALSE,united states
TRUE,italy
FALSE,Undefined
TRUE,italy
TRUE,Undefined
TRUE,italy
TRUE,italy
TRUE,united states
TRUE,united states
TRUE,united states
TRUE,united states
FALSE,united kingdom
TRUE,Undefined
TRUE,united states
TRUE,germany
TRUE,united states
TRUE,united states
TRUE,united states
TRUE,italy
FALSE,Undefined
TRUE,united states
TRUE,italy
TRUE,italy
TRUE,united states
FALSE,italy
TRUE,united states
FALSE,united states
TRUE,united states
TRUE,united states
TRUE,united states
TRUE,united states
TRUE,united states
TRUE,united states
FALSE,united states
TRUE,united states
TRUE,united states
TRUE,united states
TRUE,united states
TRUE,italy
TRUE,italy
TRUE,iran
TRUE,united states
FALSE,Undefined
FALSE,Undefined
TRUE,united states
TRUE,united states
TRUE,united states
TRUE,united states
TRUE,japan
TRUE,united states
TRUE,united states
TRUE,united states
FALSE,pakistan
FALSE,Undefined
FALSE,united states
FALSE,Undefined
FALSE,Undefined
TRUE,united states
TRUE,sweden
TRUE,united states
FALSE,Undefined
FALSE,Undefined
FALSE,united states
FALSE,united states
FALSE,Undefined
TRUE,united states
TRUE,united states
FALSE,Undefined
TRUE,united states
TRUE,united states
FALSE,Undefined
FALSE,united states
FALSE,Undefined
TRUE,united states
FALSE,Undefined
TRUE,Undefined
FALSE,united states
TRUE,france
TRUE,italy
TRUE,united states
TRUE,Undefined
FALSE,indonesia
FALSE,Undefined
TRUE,Undefined
FALSE,Undefined
TRUE,united states
TRUE,norway
FALSE,singapore
TRUE,Undefined
TRUE,united states
TRUE,italy
FALSE,taiwan
TRUE,united states
FALSE,Undefined
FALSE,Undefined
TRUE,japan
TRUE,sweden
FALSE,united states
FALSE,Undefined
TRUE,united states
FALSE,Undefined
FALSE,united states
TRUE,united states
TRUE,Undefined
TRUE,Undefined
FALSE,germany
TRUE,italy
TRUE,italy
TRUE,germany
TRUE,germany
TRUE,taiwan
FALSE,united states
TRUE,united states
TRUE,italy
TRUE,united states
TRUE,united states
FALSE,Undefined
FALSE,Undefined
TRUE,united states
FALSE,Undefined
TRUE,united states
FALSE,Undefined
FALSE,Undefined
FALSE,Undefined
TRUE,Undefined
FALSE,Undefined
FALSE,Undefined
FALSE,canada
FALSE,united states
FALSE,canada
FALSE,ukraine
FALSE,Undefined
FALSE,Undefined
FALSE,Undefined
FALSE,india
FALSE,united states
FALSE,Undefined
FALSE,united states
TRUE,united states
TRUE,united states
TRUE,united states
TRUE,united states
TRUE,united states
FALSE,Undefined
TRUE,Undefined
FALSE,Undefined
FALSE,Undefined
FALSE,Undefined
FALSE,Undefined
FALSE,Undefined
FALSE,Undefined
FALSE,australia
FALSE,Undefined
FALSE,Undefined
TRUE,united states
FALSE,Undefined
TRUE,india
TRUE,Undefined
TRUE,Undefined
FALSE,Undefined
FALSE,japan
FALSE,united states
TRUE,united states
TRUE,united states
TRUE,united states
TRUE,united states
TRUE,italy
TRUE,germany
TRUE,germany
TRUE,italy
FALSE,united kingdom
TRUE,united states
TRUE,italy
FALSE,Undefined
TRUE,Undefined
TRUE,united states
TRUE,norway
TRUE,Undefined
TRUE,united states
TRUE,norway
TRUE,united states
TRUE,united states
TRUE,united states
TRUE,Undefined
FALSE,Undefined
FALSE,Undefined
TRUE,norway
TRUE,germany
TRUE,united states
TRUE,italy
TRUE,italy
TRUE,united states
TRUE,italy
TRUE,japan
TRUE,italy
FALSE,Undefined
FALSE,india
TRUE,italy
TRUE,Undefined
TRUE,italy
TRUE,Undefined
TRUE,italy
FALSE,germany
TRUE,united states
TRUE,sweden
TRUE,united states
FALSE,Undefined
TRUE,united states
TRUE,united states
TRUE,italy
TRUE,italy
TRUE,italy
TRUE,united states
TRUE,united states
TRUE,italy
TRUE,china
FALSE,united states
TRUE,united states
FALSE,netherlands
TRUE,italy
TRUE,italy
TRUE,united states
TRUE,united states
TRUE,japan
FALSE,Undefined
TRUE,united states
FALSE,united states
TRUE,Undefined
TRUE,united states
FALSE,china
FALSE,germany
TRUE,united states
TRUE,united states
TRUE,italy
TRUE,united states
TRUE,united states
TRUE,Undefined
TRUE,united states
TRUE,united states
FALSE,Undefined
TRUE,united states
TRUE,united states
TRUE,Undefined
TRUE,united states
TRUE,united states
FALSE,united states
TRUE,united states
TRUE,italy
TRUE,italy
TRUE,united states
TRUE,united states
TRUE,united states
FALSE,Undefined
TRUE,italy
TRUE,united states
TRUE,united states
TRUE,united states
TRUE,sweden
TRUE,united states
TRUE,united states
TRUE,sweden
TRUE,united states
TRUE,united states
TRUE,italy
TRUE,norway
TRUE,united states
TRUE,united states
TRUE,united states
TRUE,united states
FALSE,Undefined
TRUE,united states
TRUE,united states
TRUE,united states
TRUE,italy
TRUE,united states
TRUE,united states
TRUE,italy
TRUE,united states
TRUE,united states
FALSE,united states
TRUE,united states
TRUE,italy
FALSE,italy
TRUE,united states
TRUE,japan
TRUE,united states
FALSE,Undefined
TRUE,united states
TRUE,Undefined
TRUE,italy
TRUE,Undefined
FALSE,united states
FALSE,Undefined
TRUE,united states
FALSE,united states
FALSE,united states
FALSE,norway
TRUE,united states
FALSE,italy
TRUE,united states
FALSE,Undefined
TRUE,united states
TRUE,japan
FALSE,Undefined
TRUE,united states
TRUE,united states
TRUE,united states
FALSE,united states
FALSE,Undefined
FALSE,Undefined
TRUE,germany
TRUE,canada
TRUE,italy
TRUE,japan
FALSE,Undefined
TRUE,japan
TRUE,japan
TRUE,united states
TRUE,Undefined
FALSE,Undefined
TRUE,united states
FALSE,united states
FALSE,Undefined
TRUE,united states
TRUE,united states
FALSE,united states
TRUE,italy
FALSE,united states
TRUE,germany
TRUE,united states
TRUE,italy
TRUE,united states
FALSE,united states
TRUE,united states
TRUE,united states
TRUE,united states
FALSE,Undefined
FALSE,france
TRUE,united states
TRUE,japan
TRUE,Undefined
FALSE,russia
TRUE,Undefined
TRUE,united states
TRUE,japan
TRUE,united states
FALSE,united states
TRUE,united states
FALSE,Undefined
TRUE,japan
TRUE,italy
FALSE,japan
TRUE,united kingdom
TRUE,italy
FALSE,japan
TRUE,united states
TRUE,italy
TRUE,italy
TRUE,italy
TRUE,Undefined
TRUE,Undefined
FALSE,Undefined
TRUE,Undefined
TRUE,Undefined
TRUE,united states
TRUE,japan
TRUE,united states
TRUE,italy
TRUE,Undefined
TRUE,united states
TRUE,Undefined
FALSE,japan
TRUE,italy
TRUE,italy
TRUE,united states
TRUE,united states
TRUE,united states
TRUE,Undefined
TRUE,united states
TRUE,Undefined
FALSE,Undefined
FALSE,Undefined
TRUE,united states
FALSE,Undefined
TRUE,Undefined
TRUE,united states
FALSE,italy
TRUE,italy
TRUE,united states
TRUE,Undefined
FALSE,Undefined
TRUE,somalia
TRUE,china
FALSE,Undefined
FALSE,Undefined
TRUE,Undefined
TRUE,Undefined
TRUE,Undefined
TRUE,united states
TRUE,Undefined
TRUE,Undefined
TRUE,Undefined
FALSE,Undefined
TRUE,Undefined
TRUE,Undefined
TRUE,Undefined
TRUE,Undefined
FALSE,Undefined
TRUE,united states
TRUE,Undefined
TRUE,united states
TRUE,Undefined
TRUE,united states
FALSE,somalia
TRUE,united states
TRUE,united states
TRUE,somalia
FALSE,united states
FALSE,united states
TRUE,Undefined
TRUE,Undefined
TRUE,Undefined
TRUE,united states
TRUE,united states
TRUE,united states
TRUE,united states
TRUE,united states
TRUE,united states
TRUE,Undefined
TRUE,Undefined
TRUE,italy
TRUE,united states
TRUE,united states
TRUE,united states
TRUE,united states
TRUE,Undefined
TRUE,Undefined
TRUE,united states
TRUE,united states
TRUE,united states
TRUE,united states
TRUE,united states
TRUE,Undefined
TRUE,Undefined
FALSE,Undefined
TRUE,united states
TRUE,Undefined
TRUE,Undefined
TRUE,japan
TRUE,united states
FALSE,Undefined
TRUE,united states
TRUE,germany
TRUE,Undefined
TRUE,italy
TRUE,italy
TRUE,japan
FALSE,united states
TRUE,norway
FALSE,italy
TRUE,italy
TRUE,italy
TRUE,united states
TRUE,Undefined
TRUE,united states
TRUE,Undefined
TRUE,italy
TRUE,japan
TRUE,japan
FALSE,japan
TRUE,united states
FALSE,united states
TRUE,united states
TRUE,Undefined
TRUE,italy
TRUE,united states
TRUE,Undefined
TRUE,Undefined
TRUE,japan
TRUE,united kingdom
FALSE,Undefined
TRUE,netherlands
FALSE,netherlands
TRUE,italy
TRUE,united states
TRUE,italy
TRUE,japan
TRUE,Undefined
TRUE,Undefined
TRUE,Undefined
FALSE,Undefined
TRUE,Undefined
TRUE,Undefined
FALSE,Undefined
TRUE,united states
FALSE,Undefined
TRUE,united states
TRUE,japan
TRUE,Undefined
TRUE,united states
TRUE,united states
TRUE,Undefined
TRUE,Undefined
FALSE,Undefined
FALSE,Undefined
TRUE,Undefined
FALSE,united states
FALSE,Undefined
FALSE,Undefined
TRUE,Undefined
TRUE,uruguay
FALSE,united states
FALSE,uruguay
TRUE,Undefined
TRUE,united states
TRUE,italy
TRUE,united states
TRUE,united states
TRUE,united states
TRUE,united states
TRUE,united states
FALSE,united states
FALSE,japan
TRUE,united states
FALSE,Undefined
FALSE,Undefined
FALSE,Undefined
FALSE,united states
TRUE,Undefined
TRUE,united states
TRUE,united states
TRUE,united states
TRUE,canada
TRUE,united states
TRUE,united states
TRUE,Undefined
FALSE,Undefined
TRUE,united states
FALSE,Undefined
TRUE,Undefined
TRUE,united states
TRUE,Undefined
TRUE,united states
TRUE,Undefined
FALSE,united states
FALSE,united states
TRUE,united states
TRUE,Undefined
TRUE,united states
TRUE,Undefined
TRUE,italy
TRUE,Undefined
TRUE,Undefined
TRUE,Undefined
TRUE,united states
FALSE,united states
TRUE,united states
TRUE,india
TRUE,italy
FALSE,united states
TRUE,united states
TRUE,united states
TRUE,united states
TRUE,united states
TRUE,united states
TRUE,italy
TRUE,united kingdom
TRUE,italy
TRUE,united states
FALSE,united states
TRUE,Undefined
TRUE,united states
TRUE,united states
TRUE,Undefined
TRUE,Undefined
TRUE,Undefined
TRUE,italy
TRUE,Undefined
TRUE,Undefined
FALSE,united kingdom
TRUE,united states
FALSE,philippines
TRUE,united states
TRUE,Undefined
TRUE,united states
TRUE,Undefined
TRUE,italy
TRUE,japan
TRUE,Undefined
TRUE,united states
TRUE,united states
TRUE,Undefined
TRUE,united states
TRUE,united states
TRUE,Undefined
TRUE,united states
TRUE,Undefined
TRUE,united states
TRUE,Undefined
TRUE,Undefined
TRUE,united states
TRUE,Undefined
TRUE,Undefined
TRUE,italy
TRUE,Undefined
TRUE,Undefined
FALSE,united kingdom
TRUE,united states
FALSE,philippines
TRUE,united states
TRUE,Undefined
TRUE,united states
TRUE,Undefined
TRUE,italy
TRUE,japan
TRUE,Undefined
TRUE,united states
TRUE,united states
TRUE,Undefined
TRUE,united states
TRUE,united states
TRUE,Undefined
TRUE,united states
TRUE,Undefined
TRUE,united states
TRUE,Undefined
TRUE,Undefined
TRUE,united states
TRUE,united states
TRUE,Undefined
FALSE,Undefined
TRUE,Undefined
FALSE,Undefined
TRUE,Undefined
TRUE,Undefined
TRUE,united states
TRUE,united states
TRUE,united states
FALSE,united states
TRUE,united states
TRUE,united states
TRUE,united states
FALSE,Undefined
FALSE,italy
TRUE,united states
TRUE,united states
TRUE,united states
FALSE,Undefined
TRUE,united states
TRUE,Undefined
FALSE,Undefined
TRUE,Undefined
TRUE,united states
TRUE,Undefined
TRUE,Undefined
FALSE,Undefined
TRUE,Undefined
TRUE,Undefined
FALSE,Undefined
TRUE,Undefined
TRUE,united states
FALSE,sweden
TRUE,Undefined
TRUE,united states
TRUE,united states
FALSE,canada
FALSE,united states
TRUE,united states
TRUE,Undefined
TRUE,Undefined
FALSE,united states
TRUE,Undefined
FALSE,Undefined
FALSE,Undefined
TRUE,united states
TRUE,united states
TRUE,japan
FALSE,china
TRUE,Undefined
TRUE,united states
TRUE,united states
TRUE,Undefined
TRUE,Undefined
FALSE,Undefined
TRUE,united states
TRUE,united states
TRUE,Undefined
TRUE,united states
TRUE,united states
TRUE,sweden
TRUE,italy
FALSE,italy
FALSE,italy
TRUE,united states
TRUE,united states
FALSE,Undefined
TRUE,united states
TRUE,germany
TRUE,Undefined
TRUE,Undefined
FALSE,Undefined
TRUE,Undefined
TRUE,Undefined
FALSE,Undefined
FALSE,Undefined
TRUE,Undefined
FALSE,Undefined
TRUE,Undefined
FALSE,Undefined
FALSE,Undefined
FALSE,united states
FALSE,Undefined
FALSE,Undefined
FALSE,Undefined
TRUE,united states
FALSE,united states
TRUE,Undefined
TRUE,italy
FALSE,france
TRUE,united states
FALSE,united states
TRUE,italy
FALSE,Undefined
TRUE,united states
TRUE,united states
FALSE,Undefined
FALSE,france
FALSE,portugal
TRUE,united states
FALSE,united states
TRUE,united states
TRUE,united states
TRUE,italy
FALSE,Undefined
TRUE,united states
TRUE,Undefined
TRUE,italy
TRUE,united states
TRUE,united states
TRUE,united states
TRUE,italy
TRUE,united states
TRUE,united states
TRUE,united states
TRUE,italy
FALSE,Undefined
TRUE,Undefined
FALSE,Undefined
TRUE,somalia
TRUE,united states
FALSE,Undefined
FALSE,Undefined
TRUE,italy
TRUE,Undefined
TRUE,united states
TRUE,italy
TRUE,italy
TRUE,italy
TRUE,united states
TRUE,united states
FALSE,india
TRUE,Undefined
FALSE,Undefined
TRUE,united states
TRUE,Undefined
FALSE,netherlands
FALSE,Undefined
TRUE,italy
TRUE,italy
FALSE,united states
FALSE,Undefined
TRUE,united states
TRUE,united states
TRUE,united states
TRUE,united states
TRUE,Undefined
TRUE,Undefined
TRUE,united states
TRUE,united states
TRUE,Undefined
TRUE,Undefined
TRUE,united states
TRUE,netherlands
TRUE,switzerland
TRUE,Undefined
TRUE,netherlands
TRUE,netherlands
TRUE,netherlands
TRUE,netherlands
FALSE,Undefined
TRUE,Undefined
TRUE,italy
TRUE,Undefined
TRUE,japan
TRUE,italy
TRUE,united states
TRUE,united states
TRUE,italy
TRUE,united states
TRUE,Undefined
TRUE,italy
TRUE,italy
TRUE,united states
TRUE,japan
TRUE,united states
TRUE,Undefined
FALSE,Undefined
TRUE,united states
TRUE,japan
TRUE,united states
TRUE,united states
TRUE,Undefined
FALSE,Undefined
TRUE,italy
FALSE,Undefined
FALSE,Undefined
FALSE,Undefined
TRUE,Undefined
FALSE,Undefined
TRUE,Undefined
TRUE,united states
FALSE,united states
TRUE,Undefined
TRUE,united states
FALSE,france
TRUE,united states
TRUE,united states
TRUE,united states
FALSE,germany
TRUE,italy
FALSE,portugal
FALSE,Undefined
FALSE,mexico
FALSE,mexico
FALSE,Undefined
FALSE,united states
TRUE,switzerland
FALSE,united states
TRUE,italy
TRUE,Undefined
FALSE,Undefined
FALSE,Undefined
TRUE,united states
TRUE,japan
TRUE,norway
FALSE,italy
FALSE,china
TRUE,australia
FALSE,united states
TRUE,united states
TRUE,united states
TRUE,united states
FALSE,united states
TRUE,switzerland
TRUE,united states
TRUE,united states
FALSE,united states
TRUE,switzerland
TRUE,italy
FALSE,united states
TRUE,united states
FALSE,belgium
TRUE,Undefined
FALSE,Undefined
FALSE,Undefined
TRUE,Undefined
FALSE,Undefined
FALSE,Undefined
TRUE,united states
TRUE,Undefined
FALSE,brazil
TRUE,united states
TRUE,united states
TRUE,italy
TRUE,Undefined
TRUE,Undefined
TRUE,Undefined
TRUE,italy
TRUE,Undefined
TRUE,denmark
TRUE,united states
TRUE,united states
TRUE,russia
TRUE,russia
TRUE,Undefined
TRUE,norway
TRUE,switzerland
FALSE,Undefined
FALSE,Undefined
FALSE,singapore
TRUE,italy
TRUE,Undefined
FALSE,spain
FALSE,Undefined
TRUE,united states
FALSE,Undefined
FALSE,Undefined
TRUE,Undefined
FALSE,united states
TRUE,united states
FALSE,united states
TRUE,Undefined
FALSE,Undefined
FALSE,Undefined
FALSE,Undefined
FALSE,Undefined
FALSE,Undefined
FALSE,Undefined
TRUE,italy
TRUE,united states
TRUE,norway
TRUE,united states
FALSE,Undefined
TRUE,Undefined
TRUE,italy
TRUE,united states
TRUE,Undefined
FALSE,Undefined
TRUE,united states
TRUE,italy
FALSE,Undefined
TRUE,switzerland
FALSE,Undefined
FALSE,switzerland
TRUE,italy
TRUE,japan
TRUE,Undefined
TRUE,italy
TRUE,united states
TRUE,italy
FALSE,Undefined
TRUE,Undefined
TRUE,switzerland
FALSE,united states
TRUE,united states
TRUE,united states
TRUE,united states
FALSE,Undefined
TRUE,united states
TRUE,switzerland
TRUE,united states
TRUE,Undefined
FALSE,panama
FALSE,united states
TRUE,united states
TRUE,united states
TRUE,italy
FALSE,Undefined
TRUE,Undefined
TRUE,somalia
TRUE,united states
TRUE,Undefined
TRUE,italy
FALSE,somalia
TRUE,japan
TRUE,united states
TRUE,Undefined
FALSE,somalia
FALSE,somalia
TRUE,united states
TRUE,united states
TRUE,italy
TRUE,united states
TRUE,united states
FALSE,Undefined
FALSE,italy
TRUE,italy
FALSE,united states
FALSE,russia
FALSE,Undefined
TRUE,norway
TRUE,united states
TRUE,united states
TRUE,united states
TRUE,united states
TRUE,united states
TRUE,united states
TRUE,united states
TRUE,italy
TRUE,Undefined
FALSE,Undefined
TRUE,united states
FALSE,united states
FALSE,united states
TRUE,united states
TRUE,united states
TRUE,united states
TRUE,venezuela
FALSE,venezuela
FALSE,united states
TRUE,Undefined
FALSE,Undefined
TRUE,japan
TRUE,united states
TRUE,united states
TRUE,united states
TRUE,united states
TRUE,united states
FALSE,Undefined
FALSE,Undefined
TRUE,Undefined
TRUE,Undefined
TRUE,united states
FALSE,Undefined
FALSE,Undefined
TRUE,united states
TRUE,united states
TRUE,united states
FALSE,Undefined
TRUE,italy
TRUE,italy
TRUE,Undefined
TRUE,united states
TRUE,united states
TRUE,united states
TRUE,Undefined
TRUE,italy
FALSE,Undefined
FALSE,germany
FALSE,Undefined
FALSE,Undefined
TRUE,norway
TRUE,united states
TRUE,united states
TRUE,Undefined
TRUE,united states
TRUE,united states
FALSE,canada
TRUE,Undefined
TRUE,united states
TRUE,united states
TRUE,switzerland
FALSE,italy
TRUE,denmark
TRUE,united states
TRUE,united states
TRUE,united states
TRUE,norway
TRUE,italy
TRUE,united states
TRUE,norway
TRUE,Undefined
TRUE,venezuela
FALSE,united states
TRUE,united states
FALSE,brazil
TRUE,united states
TRUE,united states
TRUE,united states
TRUE,united states
TRUE,Undefined
TRUE,united states
TRUE,united states
TRUE,italy
TRUE,united states
TRUE,united states
FALSE,Undefined
TRUE,Undefined
TRUE,united states
TRUE,united states
TRUE,united states
FALSE,Undefined
TRUE,Undefined
TRUE,united states
TRUE,Undefined
FALSE,japan
TRUE,Undefined
TRUE,Undefined
TRUE,switzerland
TRUE,united states
TRUE,united states
TRUE,japan
FALSE,Undefined
FALSE,Undefined
TRUE,Undefined
TRUE,united states
TRUE,united states
TRUE,united states
TRUE,Undefined
TRUE,Undefined
TRUE,russia
TRUE,united states
TRUE,united states
TRUE,united states
TRUE,united states
TRUE,united states
TRUE,united states
TRUE,united states
TRUE,united states
TRUE,Undefined
TRUE,Undefined
TRUE,Undefined
TRUE,united states
TRUE,Undefined
TRUE,Undefined
TRUE,Undefined
TRUE,united states
TRUE,italy
TRUE,united states
TRUE,Undefined
TRUE,Undefined
TRUE,italy
TRUE,Undefined
TRUE,Undefined
TRUE,italy
TRUE,united states
TRUE,Undefined
FALSE,Undefined
TRUE,russia
TRUE,Undefined
TRUE,Undefined
TRUE,russia
TRUE,Undefined
TRUE,united states
TRUE,united states
TRUE,Undefined
TRUE,italy
TRUE,united states
TRUE,Undefined
FALSE,Undefined
TRUE,united states
TRUE,united states
TRUE,Undefined
FALSE,united states
TRUE,Undefined
FALSE,united states
TRUE,united states
FALSE,united states
TRUE,japan
TRUE,Undefined
TRUE,united states
TRUE,united states
FALSE,italy
TRUE,norway
FALSE,united kingdom
FALSE,united states
TRUE,united states
FALSE,united states
TRUE,Undefined
TRUE,Undefined
TRUE,Undefined
TRUE,Undefined
FALSE,Undefined
TRUE,norway
FALSE,germany
TRUE,switzerland
TRUE,Undefined
TRUE,united states
TRUE,Undefined
TRUE,united states
FALSE,Undefined
TRUE,united states
TRUE,Undefined
TRUE,united states
TRUE,united states
TRUE,united states
TRUE,united states
TRUE,Undefined
TRUE,united states
TRUE,united states
TRUE,united states
TRUE,switzerland
TRUE,Undefined
TRUE,italy
FALSE,Undefined
TRUE,united states
TRUE,united states
TRUE,united states
TRUE,united states
TRUE,italy
TRUE,switzerland
FALSE,sweden
FALSE,sweden
FALSE,Undefined
TRUE,Undefined
FALSE,united states
TRUE,united states
TRUE,united states
TRUE,united states
TRUE,united states
TRUE,united states
TRUE,united states
TRUE,Undefined
TRUE,united states
TRUE,united states
TRUE,united states
FALSE,italy
TRUE,united states
TRUE,united states
TRUE,united states
TRUE,united states
TRUE,united states
TRUE,united states
FALSE,united states
TRUE,Undefined
TRUE,Undefined
FALSE,australia
FALSE,Undefined
TRUE,Undefined
TRUE,Undefined
TRUE,united states
TRUE,Undefined
TRUE,united states
TRUE,united states
TRUE,united states
TRUE,switzerland
FALSE,china
TRUE,united states
TRUE,united states
TRUE,china
TRUE,italy
TRUE,japan
TRUE,united states
TRUE,united states
TRUE,italy
TRUE,united states
FALSE,australia
TRUE,japan
TRUE,united states
TRUE,united states
TRUE,japan
FALSE,united states
TRUE,united states
TRUE,united states
TRUE,united states
TRUE,united states
TRUE,Undefined
TRUE,united states
TRUE,united states
TRUE,united states
TRUE,united states
TRUE,estonia
TRUE,Undefined
TRUE,united states
TRUE,united states
TRUE,united states
TRUE,italy
TRUE,united states
FALSE,Undefined
TRUE,united states
TRUE,united states
TRUE,united states
TRUE,united states
TRUE,united states
TRUE,australia
TRUE,united states
TRUE,Undefined
TRUE,united states
TRUE,norway
TRUE,united states
TRUE,united kingdom
FALSE,Undefined
TRUE,united states
TRUE,united states
TRUE,italy
TRUE,united states
TRUE,united states
TRUE,Undefined
TRUE,italy
TRUE,united states
TRUE,united states
FALSE,united states
TRUE,united states
FALSE,Undefined
TRUE,Undefined
TRUE,Undefined
FALSE,united states
TRUE,united states
TRUE,united states
TRUE,Undefined
TRUE,united states
TRUE,united states
TRUE,Undefined
TRUE,united states
FALSE,bangladesh
TRUE,united states
TRUE,Undefined
TRUE,united states
TRUE,united states
TRUE,Undefined
TRUE,united states
TRUE,united states
TRUE,united states
TRUE,united states
FALSE,Undefined
TRUE,united states
TRUE,united states
TRUE,united states
FALSE,united states
TRUE,united states
TRUE,united states
TRUE,united states
FALSE,Undefined
FALSE,united states
TRUE,united states
TRUE,united states
TRUE,united states
TRUE,norway
TRUE,united states
TRUE,united states
TRUE,Undefined
TRUE,united states
TRUE,united states
TRUE,united states
FALSE,united states
TRUE,united states
FALSE,united states
FALSE,Undefined
FALSE,india
TRUE,united states
TRUE,united states
TRUE,Undefined
TRUE,united states
TRUE,united states
FALSE,Undefined
TRUE,united states
TRUE,norway
TRUE,united states
TRUE,norway
TRUE,Undefined
TRUE,united states
TRUE,united states
FALSE,Undefined
FALSE,Undefined
TRUE,united states
TRUE,Undefined
FALSE,united states
TRUE,Undefined
TRUE,united states
TRUE,united states
TRUE,united states
TRUE,united states
TRUE,united states
TRUE,switzerland
TRUE,united states
TRUE,united states
TRUE,united states
FALSE,Undefined
TRUE,united states
TRUE,germany
TRUE,switzerland
TRUE,united states
TRUE,italy
TRUE,Undefined
TRUE,united states
TRUE,switzerland
TRUE,united states
TRUE,united states
FALSE,mexico
TRUE,Undefined
FALSE,mexico
TRUE,united states
FALSE,united states
TRUE,united states
FALSE,united states
TRUE,united states
TRUE,united states
FALSE,united states
TRUE,united states
TRUE,switzerland
TRUE,united states
TRUE,united states
TRUE,united states
TRUE,Undefined
TRUE,united states
FALSE,united states
TRUE,Undefined
TRUE,Undefined
TRUE,japan
TRUE,italy
TRUE,united states
TRUE,united states
TRUE,united states
TRUE,Undefined
TRUE,italy
TRUE,united states
TRUE,united states
TRUE,united states
TRUE,united states
TRUE,switzerland
TRUE,switzerland
FALSE,Undefined
TRUE,united states
TRUE,united states
TRUE,united states
TRUE,Undefined
TRUE,united states
TRUE,united states
FALSE,Undefined
TRUE,united states
TRUE,switzerland
TRUE,Undefined
TRUE,united states
TRUE,united states
TRUE,Undefined
TRUE,italy
TRUE,united states
TRUE,united states
TRUE,Undefined
FALSE,united states
TRUE,japan
TRUE,united states
TRUE,Undefined
FALSE,Undefined
FALSE,united kingdom
TRUE,united states
TRUE,united states
TRUE,Undefined
FALSE,Undefined
TRUE,italy
TRUE,united states
TRUE,united states
TRUE,united states
FALSE,Undefined
TRUE,united states
TRUE,Undefined
TRUE,united states
TRUE,Undefined
TRUE,italy
FALSE,united states
TRUE,Undefined
TRUE,united states
TRUE,united states
TRUE,united states
TRUE,united states
TRUE,united states
TRUE,united states
TRUE,united states
TRUE,united states
TRUE,switzerland
TRUE,united states
TRUE,united states
TRUE,united states
FALSE,united states
TRUE,italy
TRUE,finland
FALSE,finland
TRUE,united states
TRUE,united states
TRUE,italy
TRUE,united states
TRUE,united states
TRUE,italy
TRUE,united states
TRUE,turkey
TRUE,united states
TRUE,united kingdom
TRUE,turkey
TRUE,japan
TRUE,Undefined
TRUE,united states
TRUE,united states
TRUE,Undefined
TRUE,united kingdom
TRUE,united states
TRUE,united states
TRUE,united states
TRUE,united states
TRUE,united states
TRUE,united states
TRUE,united states
TRUE,united states
TRUE,united states
TRUE,united states
TRUE,united states
FALSE,united states
TRUE,united states
FALSE,Undefined
FALSE,Undefined
TRUE,united states
FALSE,united states
FALSE,italy
TRUE,united states
TRUE,Undefined
FALSE,denmark
TRUE,united states
FALSE,denmark
FALSE,japan
FALSE,china
TRUE,Undefined
FALSE,italy
TRUE,united states
TRUE,united states
TRUE,united states
TRUE,italy
TRUE,japan
TRUE,united states
TRUE,australia
TRUE,Undefined
TRUE,united states
TRUE,italy
TRUE,Undefined
TRUE,Undefined
TRUE,united states
TRUE,united states
FALSE,netherlands
TRUE,united states
TRUE,united states
TRUE,Undefined
TRUE,italy
TRUE,italy
TRUE,united states
TRUE,Undefined
TRUE,united states
TRUE,italy
FALSE,italy
TRUE,united states
FALSE,Undefined
FALSE,china
TRUE,italy
TRUE,china
TRUE,australia
FALSE,australia
TRUE,australia
FALSE,Undefined
TRUE,japan
TRUE,united states
TRUE,united states
TRUE,italy
TRUE,united states
TRUE,united states
FALSE,australia
TRUE,italy
TRUE,united states
TRUE,Undefined
FALSE,Undefined
TRUE,united states
TRUE,Undefined
TRUE,switzerland
FALSE,Undefined
FALSE,Undefined
TRUE,united states
TRUE,united states
TRUE,united states
TRUE,switzerland
TRUE,united states
TRUE,united states
TRUE,italy
TRUE,italy
FALSE,united states
TRUE,united states
TRUE,Undefined
TRUE,united states
TRUE,italy
FALSE,Undefined
TRUE,united states
TRUE,united states
TRUE,switzerland
TRUE,italy
TRUE,Undefined
TRUE,Undefined
TRUE,united states
FALSE,united states
TRUE,Undefined
TRUE,italy
TRUE,Undefined
TRUE,Undefined
FALSE,Undefined
FALSE,united kingdom
TRUE,united states
TRUE,united states
TRUE,united states
TRUE,united states
TRUE,united states
TRUE,united states
TRUE,switzerland
TRUE,Undefined
TRUE,united states
FALSE,Undefined
TRUE,united states
TRUE,Undefined
TRUE,italy
FALSE,croatia
TRUE,Undefined
TRUE,Undefined
TRUE,Undefined
TRUE,Undefined
TRUE,united states
FALSE,Undefined
TRUE,Undefined
TRUE,Undefined
TRUE,united states
TRUE,Undefined
TRUE,united states
FALSE,united kingdom
FALSE,Undefined
TRUE,Undefined
TRUE,united states
TRUE,united states
TRUE,united states
TRUE,korea
FALSE,Undefined
TRUE,switzerland
FALSE,Undefined
TRUE,Undefined
FALSE,united states
FALSE,italy
FALSE,united states
FALSE,Undefined
FALSE,Undefined
TRUE,united states
TRUE,switzerland
FALSE,united states
TRUE,Undefined
TRUE,united states
TRUE,united states
TRUE,united states
TRUE,united states
FALSE,italy
TRUE,united states
TRUE,united states
TRUE,japan
TRUE,united states
TRUE,united states
FALSE,united states
TRUE,united kingdom
TRUE,united states
TRUE,united states
FALSE,united states
FALSE,poland
TRUE,Undefined
TRUE,Undefined
TRUE,Undefined
TRUE,Undefined
TRUE,Undefined
TRUE,Undefined
TRUE,japan
TRUE,united states
TRUE,united states
TRUE,Undefined
TRUE,Undefined
TRUE,united states
TRUE,japan
TRUE,Undefined
TRUE,united states
TRUE,Undefined
TRUE,united states
TRUE,Undefined
TRUE,united states
TRUE,japan
TRUE,Undefined
FALSE,united states
TRUE,united states
TRUE,Undefined
TRUE,united states
TRUE,united states
FALSE,united states
TRUE,united states
TRUE,Undefined
TRUE,japan
FALSE,Undefined
TRUE,united kingdom
TRUE,nicaragua
TRUE,united states
TRUE,Undefined
TRUE,united states
TRUE,united states
TRUE,united states
FALSE,united states
TRUE,Undefined
TRUE,united states
TRUE,united states
TRUE,china
FALSE,japan
TRUE,australia
TRUE,china
TRUE,united states
TRUE,Undefined
TRUE,Undefined
TRUE,united kingdom
TRUE,united states
TRUE,united states
TRUE,united states
TRUE,united states
TRUE,united states
TRUE,Undefined
TRUE,united states
TRUE,Undefined
TRUE,Undefined
FALSE,japan
TRUE,japan
TRUE,united states
TRUE,united states
TRUE,united states
TRUE,united states
FALSE,Undefined
TRUE,united states
TRUE,united states
TRUE,japan
TRUE,united states
TRUE,united states
TRUE,united states
TRUE,united states
TRUE,united states
FALSE,united states
TRUE,united states
TRUE,united states
TRUE,united states
TRUE,united states
TRUE,united states
TRUE,Undefined
TRUE,france
FALSE,united states
FALSE,united states
TRUE,Undefined
TRUE,bulgaria
TRUE,Undefined
TRUE,united states
TRUE,Undefined
TRUE,united states
TRUE,Undefined
TRUE,Undefined
TRUE,united states
TRUE,united states
TRUE,Undefined
FALSE,Undefined
FALSE,united states
FALSE,Undefined
TRUE,japan
TRUE,united states
FALSE,united states
TRUE,united states
TRUE,united states
FALSE,united states
FALSE,united states
TRUE,Undefined
TRUE,Undefined
TRUE,united states
FALSE,united states
TRUE,united states
TRUE,united states
TRUE,romania
FALSE,canada
FALSE,united states
TRUE,Undefined
FALSE,united states
TRUE,united states
TRUE,Undefined
TRUE,united states
TRUE,united states
TRUE,united states
TRUE,united states
TRUE,Undefined
TRUE,united states
FALSE,united states
TRUE,united states
FALSE,united states
FALSE,russia
FALSE,united states
FALSE,Undefined
TRUE,united states
TRUE,Undefined
TRUE,united states
TRUE,united states
TRUE,Undefined
TRUE,Undefined
TRUE,united states
TRUE,Undefined
TRUE,united states
TRUE,united states
TRUE,Undefined
FALSE,china
FALSE,china
TRUE,Undefined
TRUE,united states
TRUE,united states
FALSE,new zealand
TRUE,united states
TRUE,Undefined
TRUE,united states
TRUE,Undefined
TRUE,united states
TRUE,united states
TRUE,united states
TRUE,united states
TRUE,Undefined
TRUE,united states
TRUE,united states
TRUE,united states
TRUE,Undefined
TRUE,united states
TRUE,Undefined
TRUE,united states
TRUE,Undefined
TRUE,japan
TRUE,Undefined
TRUE,united states
TRUE,united states
TRUE,united states
TRUE,united states
TRUE,Undefined
TRUE,united states
TRUE,united states
TRUE,united kingdom
FALSE,united states
TRUE,united states
TRUE,united states
TRUE,Undefined
TRUE,united states
TRUE,united states
TRUE,Undefined
TRUE,united states
TRUE,united states
TRUE,mexico
FALSE,united states
TRUE,united states
TRUE,united states
TRUE,united states
FALSE,canada
FALSE,Undefined
FALSE,china
TRUE,italy
TRUE,Undefined
TRUE,united states
TRUE,netherlands
TRUE,japan
TRUE,Undefined
TRUE,Undefined
TRUE,Undefined
FALSE,united states
TRUE,united states
TRUE,united states
TRUE,Undefined
TRUE,Undefined
TRUE,japan
TRUE,united states
TRUE,Undefined
FALSE,Undefined
TRUE,united states
FALSE,united states
FALSE,Undefined
TRUE,united states
TRUE,united states
TRUE,france
FALSE,germany
TRUE,united states
TRUE,germany
TRUE,Undefined
TRUE,united states
TRUE,united states
TRUE,Undefined
TRUE,Undefined
TRUE,united states
TRUE,venezuela
TRUE,japan
TRUE,Undefined
TRUE,united states
TRUE,Undefined
TRUE,united states
TRUE,Undefined
TRUE,united states
TRUE,japan
TRUE,united states
FALSE,canada
FALSE,united kingdom
TRUE,united states
TRUE,Undefined
FALSE,germany
TRUE,Undefined
TRUE,united states
TRUE,Undefined
TRUE,united states
TRUE,germany
TRUE,japan
TRUE,venezuela
TRUE,Undefined
TRUE,united states
TRUE,canada
FALSE,Undefined
TRUE,Undefined
TRUE,Undefined
FALSE,spain
TRUE,united states
TRUE,poland
TRUE,japan
TRUE,united states
TRUE,united states
TRUE,united states
FALSE,australia
TRUE,Undefined
TRUE,united states
FALSE,australia
FALSE,Undefined
TRUE,united states
TRUE,australia
TRUE,united states
TRUE,united states
TRUE,Undefined
TRUE,Undefined
TRUE,united states
TRUE,Undefined
TRUE,japan
TRUE,united states
TRUE,united states
FALSE,Undefined
FALSE,Undefined
TRUE,united states
TRUE,Undefined
TRUE,united states
TRUE,united states
TRUE,united states
TRUE,united states
TRUE,united states
TRUE,united states
TRUE,Undefined
TRUE,united states
TRUE,Undefined
TRUE,Undefined
TRUE,Undefined
TRUE,Undefined
TRUE,Undefined
TRUE,united states
TRUE,united states
TRUE,germany
TRUE,Undefined
TRUE,united states
FALSE,germany
TRUE,Undefined
TRUE,united states
TRUE,united states
FALSE,Undefined
FALSE,Undefined
TRUE,united states
TRUE,Undefined
TRUE,united states
FALSE,Undefined
TRUE,Undefined
TRUE,united states
TRUE,united states
TRUE,Undefined
TRUE,Undefined
TRUE,Undefined
TRUE,united states
TRUE,Undefined
TRUE,united states
TRUE,japan
FALSE,Undefined
FALSE,australia
TRUE,india
TRUE,united states
TRUE,united states
TRUE,switzerland
TRUE,Undefined
TRUE,united states
TRUE,Undefined
TRUE,united states
TRUE,switzerland
TRUE,united states
TRUE,united states
TRUE,united states
TRUE,Undefined
TRUE,Undefined
TRUE,united states
TRUE,united states
FALSE,united states
TRUE,switzerland
TRUE,Undefined
FALSE,Undefined
TRUE,united states
FALSE,united states
TRUE,bulgaria
TRUE,bulgaria
TRUE,switzerland
TRUE,united states
TRUE,Undefined
FALSE,united states
TRUE,Undefined
FALSE,Undefined
TRUE,switzerland
TRUE,japan
TRUE,united states
TRUE,united states
TRUE,Undefined
TRUE,united states
TRUE,united states
FALSE,canada
FALSE,Undefined
TRUE,united states
FALSE,Undefined
TRUE,united states
FALSE,Undefined
TRUE,new zealand
TRUE,japan
FALSE,poland
TRUE,united states
FALSE,united states
TRUE,united states
TRUE,Undefined
FALSE,united states
TRUE,japan
TRUE,Undefined
TRUE,united states
TRUE,Undefined
TRUE,united states
FALSE,Undefined
TRUE,united states
TRUE,Undefined
TRUE,united states
TRUE,switzerland
TRUE,united states
TRUE,switzerland
TRUE,united states
TRUE,japan
TRUE,germany
TRUE,Undefined
FALSE,united states
TRUE,united states
TRUE,united states
FALSE,united states
TRUE,Undefined
FALSE,united states
TRUE,united states
FALSE,Undefined
TRUE,germany
TRUE,Undefined
TRUE,Undefined
TRUE,united states
TRUE,germany
TRUE,japan
TRUE,united states
TRUE,united states
TRUE,united states
TRUE,Undefined
TRUE,switzerland
FALSE,united states
FALSE,united states
FALSE,Undefined
TRUE,united states
TRUE,united states
TRUE,Undefined
FALSE,united states
TRUE,united states
FALSE,Undefined
TRUE,Undefined
TRUE,Undefined
TRUE,united states
TRUE,japan
TRUE,united states
FALSE,Undefined
TRUE,Undefined
TRUE,united states
FALSE,slovakia
TRUE,Undefined
TRUE,united states
TRUE,norway
TRUE,Undefined
TRUE,germany
FALSE,Undefined
TRUE,united states
TRUE,switzerland
TRUE,united states
FALSE,Undefined
TRUE,united states
TRUE,united states
TRUE,Undefined
TRUE,Undefined
TRUE,Undefined
TRUE,Undefined
TRUE,Undefined
FALSE,united states
FALSE,united states
TRUE,united states
FALSE,brazil
TRUE,germany
FALSE,spain
TRUE,Undefined
FALSE,Undefined
TRUE,united states
TRUE,Undefined
TRUE,united states
TRUE,united states
FALSE,china
TRUE,united states
TRUE,united states
TRUE,united states
TRUE,united states
TRUE,united states
TRUE,united states
TRUE,united states
FALSE,Undefined
FALSE,turkey
FALSE,netherlands
TRUE,united states
TRUE,Undefined
TRUE,Undefined
TRUE,united states
FALSE,Undefined
TRUE,united states
FALSE,Undefined
TRUE,Undefined
TRUE,Undefined
TRUE,united states
TRUE,united states
TRUE,germany
TRUE,Undefined
TRUE,Undefined
TRUE,united states
TRUE,Undefined
TRUE,united states
TRUE,Undefined
FALSE,united states
TRUE,united states
TRUE,united states
TRUE,united states
TRUE,Undefined
TRUE,united states
TRUE,Undefined
TRUE,Undefined
TRUE,united states
TRUE,Undefined
FALSE,germany
TRUE,Undefined
FALSE,united states
TRUE,united states
FALSE,united states
TRUE,united states
TRUE,Undefined
TRUE,united states
TRUE,Undefined
TRUE,united states
TRUE,Undefined
TRUE,Undefined
TRUE,united states
TRUE,Undefined
TRUE,Undefined
TRUE,united states
TRUE,united states
TRUE,Undefined
TRUE,united states
TRUE,Undefined
TRUE,Undefined
TRUE,Undefined
FALSE,Undefined
TRUE,Undefined
TRUE,united states
FALSE,Undefined
TRUE,united states
TRUE,switzerland
TRUE,united states
FALSE,united states
FALSE,Undefined
TRUE,Undefined
TRUE,united states
TRUE,united states
TRUE,Undefined
TRUE,united states
TRUE,united states
TRUE,Undefined
TRUE,united states
TRUE,switzerland
TRUE,united kingdom
TRUE,united states
FALSE,united states
TRUE,Undefined
TRUE,Undefined
FALSE,germany
FALSE,Undefined
TRUE,united states
TRUE,Undefined
TRUE,Undefined
TRUE,japan
TRUE,united states
TRUE,Undefined
TRUE,united states
FALSE,united states
TRUE,Undefined
TRUE,Undefined
TRUE,Undefined
TRUE,switzerland
TRUE,united kingdom
TRUE,united states
TRUE,switzerland
TRUE,Undefined
TRUE,united states
TRUE,united states
FALSE,Undefined
TRUE,Undefined
FALSE,Undefined
TRUE,united states
TRUE,united states
TRUE,united states
FALSE,Undefined
TRUE,united states
TRUE,united states
FALSE,united states
TRUE,united states
TRUE,united states
FALSE,belgium
TRUE,united states
TRUE,Undefined
FALSE,Undefined
FALSE,france
TRUE,ghana
TRUE,germany
FALSE,Undefined
FALSE,norway
FALSE,united states
TRUE,united states
TRUE,united states
FALSE,united states
FALSE,austria
FALSE,canada
TRUE,united states
FALSE,croatia
TRUE,united states
TRUE,united states
FALSE,canada
TRUE,switzerland
TRUE,Undefined
TRUE,Undefined
FALSE,united states
TRUE,Undefined
TRUE,united states
TRUE,Undefined
TRUE,Undefined
FALSE,united kingdom
FALSE,italy
TRUE,united states
TRUE,united states
FALSE,australia
FALSE,Undefined
TRUE,united states
TRUE,united states
FALSE,united states
FALSE,united states
TRUE,united states
TRUE,united states
FALSE,canada
TRUE,Undefined
FALSE,united states
TRUE,united states
TRUE,finland
TRUE,Undefined
FALSE,mexico
TRUE,france
FALSE,Undefined
FALSE,Undefined
TRUE,Undefined
FALSE,Undefined
FALSE,Undefined
TRUE,united states
FALSE,united states
TRUE,finland
TRUE,united states
TRUE,united states
TRUE,united states
FALSE,Undefined
TRUE,united states
TRUE,united states
TRUE,united states
FALSE,united states
FALSE,united states
TRUE,united states
TRUE,united states
FALSE,canada
TRUE,Undefined
FALSE,united states
TRUE,united states
TRUE,finland
TRUE,Undefined
FALSE,mexico
TRUE,france
FALSE,Undefined
FALSE,Undefined
TRUE,Undefined
FALSE,Undefined
FALSE,Undefined
TRUE,united states
FALSE,united states
TRUE,finland
TRUE,united states
TRUE,united states
TRUE,united states
FALSE,Undefined
TRUE,united states
FALSE,Undefined
FALSE,Undefined
TRUE,united states
FALSE,Undefined
FALSE,united states
TRUE,bulgaria
TRUE,Undefined
TRUE,japan
TRUE,united kingdom
FALSE,china
TRUE,finland
TRUE,finland
TRUE,belgium
TRUE,Undefined
TRUE,Undefined
TRUE,united states
TRUE,united states
FALSE,canada
FALSE,Undefined
TRUE,Undefined
TRUE,Undefined
TRUE,Undefined
TRUE,united states
FALSE,mexico
TRUE,canada
FALSE,Undefined
TRUE,cambodia
FALSE,Undefined
TRUE,united kingdom
TRUE,united states
TRUE,united states
TRUE,finland
TRUE,united states
FALSE,germany
FALSE,united states
FALSE,Undefined
TRUE,Undefined
TRUE,germany
TRUE,india
TRUE,united states
TRUE,united states
FALSE,russia
TRUE,united states
FALSE,korea
TRUE,Undefined
TRUE,Undefined
TRUE,united states
TRUE,united states
TRUE,morocco
FALSE,Undefined
TRUE,Undefined
TRUE,Undefined
FALSE,united states
TRUE,united states
TRUE,Undefined
TRUE,Undefined
FALSE,Undefined
FALSE,germany
FALSE,Undefined
TRUE,germany
TRUE,united kingdom
TRUE,united states
TRUE,Undefined
TRUE,france
FALSE,Undefined
FALSE,Undefined
TRUE,switzerland
FALSE,Undefined
TRUE,united states
FALSE,Undefined
TRUE,Undefined
TRUE,Undefined
TRUE,south africa
TRUE,Undefined
TRUE,united states
TRUE,united states
TRUE,united states
TRUE,united states
TRUE,united states
TRUE,united states
TRUE,united states
TRUE,united states
TRUE,united states
TRUE,united states
TRUE,japan
TRUE,united states
TRUE,united states
FALSE,united states
TRUE,united states
TRUE,united states
TRUE,united states
TRUE,united states
TRUE,united states
TRUE,united states
TRUE,united states
TRUE,united states
TRUE,united states
TRUE,united states
TRUE,united states
TRUE,united states
TRUE,japan
TRUE,united states
TRUE,united states
TRUE,united states
TRUE,united states
TRUE,united states
TRUE,united states
TRUE,united states
TRUE,united states
TRUE,united states
TRUE,united states
TRUE,japan
TRUE,japan
TRUE,united states
TRUE,united states
TRUE,united states
TRUE,united states
TRUE,united states
TRUE,japan
TRUE,united states
TRUE,japan
TRUE,japan
TRUE,united states
TRUE,united states
TRUE,united states
TRUE,united states
TRUE,united states
TRUE,Undefined
FALSE,united states
TRUE,japan
TRUE,united states
TRUE,united states
TRUE,united states
TRUE,united states
TRUE,united states
TRUE,japan
TRUE,japan
TRUE,united states
TRUE,switzerland
FALSE,united states
TRUE,japan
TRUE,united states
TRUE,united states
TRUE,united states
TRUE,united states
TRUE,united states
TRUE,japan
TRUE,united states
TRUE,united states
TRUE,united states
TRUE,united states
TRUE,united states
TRUE,united states
TRUE,united states
TRUE,switzerland
TRUE,united states
TRUE,united states
TRUE,japan
TRUE,united states
TRUE,Undefined
TRUE,united states
TRUE,united states
TRUE,japan
TRUE,united states
FALSE,Undefined
TRUE,Undefined
TRUE,united states
TRUE,united states
TRUE,japan
FALSE,united states
TRUE,united states
TRUE,japan
TRUE,united states
TRUE,united states
TRUE,united states
FALSE,united states
TRUE,united states
TRUE,united states
TRUE,united states
TRUE,united states
TRUE,united states
TRUE,united states
TRUE,united states
TRUE,united states
TRUE,united states
TRUE,united states
TRUE,united states
TRUE,united states
FALSE,united states
TRUE,united states
TRUE,united states
TRUE,japan
TRUE,japan
TRUE,united states
TRUE,united states
TRUE,united states
TRUE,united states
TRUE,japan
TRUE,united states
TRUE,united states
TRUE,united states
TRUE,united states
TRUE,united states
TRUE,united states
TRUE,united states
TRUE,united states
TRUE,united states
TRUE,japan
TRUE,united states
TRUE,united states
TRUE,united states
TRUE,united states
TRUE,japan
TRUE,united states
TRUE,united states
TRUE,united states
TRUE,united states
TRUE,united states
TRUE,united states
TRUE,united states
TRUE,united states
TRUE,united states
TRUE,japan
TRUE,united kingdom
FALSE,united states
FALSE,united states
TRUE,united states
TRUE,japan
TRUE,japan
TRUE,united states
TRUE,japan
TRUE,united states
TRUE,united states
TRUE,united states
TRUE,united states
TRUE,united states
TRUE,japan
TRUE,united states
TRUE,united states
TRUE,united states
FALSE,united states
TRUE,united states
TRUE,united states
TRUE,united states
TRUE,united states
TRUE,united states
TRUE,united states
FALSE,united states
TRUE,united states
TRUE,united states
TRUE,united states
FALSE,united states
TRUE,united states
TRUE,united states
TRUE,Undefined
TRUE,united states
TRUE,united states
TRUE,united states
TRUE,united states
TRUE,united states
TRUE,united states
TRUE,united states
TRUE,united states
TRUE,united states
TRUE,united states
TRUE,united states
TRUE,united states
TRUE,united states
TRUE,united states
TRUE,united states
TRUE,japan
TRUE,united kingdom
TRUE,Undefined
TRUE,united states
TRUE,united states
TRUE,united states
TRUE,united states
TRUE,united states
TRUE,united states
TRUE,united states
TRUE,united states
TRUE,Undefined
TRUE,united states
FALSE,united states
TRUE,united states
TRUE,Undefined
TRUE,united states
TRUE,united states
TRUE,united states
TRUE,Undefined
TRUE,united states
TRUE,united states
FALSE,united states
TRUE,united states
TRUE,united states
TRUE,united states
TRUE,united states
TRUE,united states
TRUE,united states
FALSE,united states
TRUE,united states
TRUE,united states
TRUE,united states
TRUE,Undefined
TRUE,united states
TRUE,united states
TRUE,united states
TRUE,united states
TRUE,Undefined
TRUE,united states
TRUE,united states
TRUE,united states
TRUE,japan
TRUE,united states
TRUE,united states
FALSE,japan
TRUE,united states
TRUE,japan
TRUE,japan
TRUE,united states
TRUE,united states
TRUE,united states
TRUE,japan
TRUE,united states
TRUE,united states
TRUE,united states
TRUE,united states
TRUE,Undefined
FALSE,united states
TRUE,united states
TRUE,united states
TRUE,united states
TRUE,united states
TRUE,united states
TRUE,united states
TRUE,united states
TRUE,united states
TRUE,Undefined
TRUE,united states
TRUE,united states
TRUE,united states
TRUE,united states
TRUE,united states
TRUE,united states
TRUE,united states
TRUE,united states
FALSE,united states
TRUE,united states
TRUE,united states
TRUE,united states
TRUE,united states
TRUE,united states
TRUE,united states
FALSE,united states
TRUE,united states
TRUE,japan
TRUE,Undefined
FALSE,united states
TRUE,united states
TRUE,united states
TRUE,united states
TRUE,japan
TRUE,Undefined
TRUE,united states
TRUE,united states
TRUE,Undefined
TRUE,united states
TRUE,united states
TRUE,united states
TRUE,united states
TRUE,united states
FALSE,united states
TRUE,united states
TRUE,united states
TRUE,japan
TRUE,Undefined
TRUE,united states
TRUE,united states
TRUE,united states
TRUE,united states
TRUE,united states
TRUE,united states
TRUE,united states
TRUE,united states
TRUE,united states
TRUE,united states
TRUE,united states
TRUE,united states
TRUE,united states
TRUE,united states
TRUE,united states
FALSE,united states
TRUE,united states
TRUE,japan
TRUE,united states
TRUE,japan
TRUE,united states
TRUE,united states
TRUE,united states
TRUE,united states
TRUE,Undefined
TRUE,united states
TRUE,united states
TRUE,Undefined
TRUE,united states
TRUE,united states
TRUE,united states
TRUE,united states
TRUE,united states
TRUE,united states
TRUE,united states
FALSE,united states
TRUE,united states
FALSE,Undefined
TRUE,united states
TRUE,united states
TRUE,united states
TRUE,united states
TRUE,japan
TRUE,Undefined
TRUE,Undefined
TRUE,united states
FALSE,united states
TRUE,united states
TRUE,Undefined
TRUE,united states
TRUE,united states
TRUE,Undefined
TRUE,united states
FALSE,united states
TRUE,united states
TRUE,united states
TRUE,united states
TRUE,united states
FALSE,united states
TRUE,united states
TRUE,united states
TRUE,united states
TRUE,united states
TRUE,united states
TRUE,united states
TRUE,Undefined
TRUE,united states
FALSE,united states
TRUE,united states
TRUE,Undefined
FALSE,united states
TRUE,japan
TRUE,united states
TRUE,Undefined
TRUE,united states
TRUE,united states
FALSE,united states
TRUE,united states
TRUE,united states
TRUE,united states
TRUE,united states
TRUE,Undefined
TRUE,Undefined
TRUE,united states
TRUE,united states
TRUE,united states
TRUE,united states
TRUE,japan
TRUE,united states
FALSE,united kingdom
TRUE,united states
TRUE,united states
TRUE,united states
TRUE,japan
TRUE,united states
FALSE,Undefined
TRUE,united states
TRUE,japan
TRUE,Undefined
TRUE,Undefined
TRUE,Undefined
TRUE,Undefined
TRUE,united states
TRUE,Undefined
TRUE,united states
TRUE,united states
TRUE,united states
TRUE,united states
TRUE,japan
TRUE,united states
TRUE,united states
TRUE,united states
TRUE,united states
TRUE,united states
TRUE,united states
FALSE,united states
TRUE,Undefined
TRUE,united states
TRUE,united states
TRUE,united states
TRUE,united kingdom
TRUE,united states
TRUE,united states
TRUE,united states
TRUE,united states
TRUE,united states
TRUE,united states
FALSE,united states
TRUE,united states
TRUE,united states
TRUE,united states
TRUE,united states
TRUE,Undefined
TRUE,united states
TRUE,Undefined
TRUE,united states
TRUE,united states
TRUE,united states
FALSE,united states
TRUE,Undefined
TRUE,united states
TRUE,united states
TRUE,united states
FALSE,united states
TRUE,Undefined
FALSE,Undefined
TRUE,united states
TRUE,united states
TRUE,japan
TRUE,united states
TRUE,united states
TRUE,united states
TRUE,united states
TRUE,Undefined
TRUE,Undefined
TRUE,Undefined
TRUE,Undefined
TRUE,Undefined
FALSE,united states
TRUE,Undefined
TRUE,Undefined
TRUE,Undefined
FALSE,Undefined
FALSE,united states
TRUE,Undefined
TRUE,Undefined
FALSE,united states
FALSE,united states
TRUE,united states
TRUE,united states
TRUE,japan
TRUE,united states
TRUE,united states
TRUE,united states
FALSE,united states
TRUE,united states
TRUE,united states
TRUE,united states
TRUE,united states
TRUE,united states
TRUE,united states
TRUE,united states
TRUE,japan
TRUE,united states
TRUE,united states
TRUE,united states
TRUE,united states
TRUE,united states
TRUE,united states
TRUE,united states
TRUE,united states
TRUE,united states
TRUE,united states
TRUE,united states
TRUE,united states
TRUE,united states
TRUE,united states
TRUE,united states
FALSE,united states
TRUE,japan
TRUE,japan
TRUE,united states
TRUE,germany
TRUE,japan
TRUE,united states
FALSE,japan
TRUE,united states
FALSE,united states
FALSE,germany
TRUE,united states
FALSE,japan
FALSE,germany
TRUE,germany
TRUE,united states
TRUE,united states
FALSE,germany
TRUE,japan
TRUE,united states
FALSE,japan
TRUE,germany
TRUE,united states
TRUE,united states
TRUE,united states
FALSE,united states
FALSE,united states
TRUE,united states
FALSE,germany
FALSE,germany
FALSE,germany
TRUE,united states
TRUE,united states
FALSE,united states
FALSE,united states
TRUE,united states
TRUE,Undefined
TRUE,united states
FALSE,united states
FALSE,united states
TRUE,united states
FALSE,united states
FALSE,germany
TRUE,united states
TRUE,united states
TRUE,united states
TRUE,australia
FALSE,united states
TRUE,united states
TRUE,united states
FALSE,germany
TRUE,united states
FALSE,united states
TRUE,united states
TRUE,united states
TRUE,united states
TRUE,united states
TRUE,united states
TRUE,united states
FALSE,united states
TRUE,united states
FALSE,germany
TRUE,united states
TRUE,united states
TRUE,united states
TRUE,united states
TRUE,united states
TRUE,united states
TRUE,united states
TRUE,united states
TRUE,united states
TRUE,united states
TRUE,united states
TRUE,united states
TRUE,united states
TRUE,united states
TRUE,united states
TRUE,united states
TRUE,united states
TRUE,united states
TRUE,united states
TRUE,united states
TRUE,united states
TRUE,united states
FALSE,germany
TRUE,united states
TRUE,united states
TRUE,united states
TRUE,united states
TRUE,united states
TRUE,united states
TRUE,united states
TRUE,united states
TRUE,united states
TRUE,united states
TRUE,united states
TRUE,united states
TRUE,united states
TRUE,united states
TRUE,united states
TRUE,united states
TRUE,united states
TRUE,united states
TRUE,united states
TRUE,united states
TRUE,united states
FALSE,united states
TRUE,united states
TRUE,germany
TRUE,united states
TRUE,united states
FALSE,united states
TRUE,united states
TRUE,united states
TRUE,united states
TRUE,united states
FALSE,united states
FALSE,united states
FALSE,united states
FALSE,united states
TRUE,united states
TRUE,united states
TRUE,united states
FALSE,united states
TRUE,united states
TRUE,united states
TRUE,united states
TRUE,united states
FALSE,united states
TRUE,united states
TRUE,united states
TRUE,united states
TRUE,united states
TRUE,united states
TRUE,united states
TRUE,united states
TRUE,united states
TRUE,united states
FALSE,germany
TRUE,united kingdom
TRUE,united states
FALSE,united states
TRUE,united states
TRUE,united states
TRUE,united states
TRUE,united states
TRUE,united states
FALSE,united states
TRUE,united states
TRUE,united states
TRUE,united states
TRUE,united states
TRUE,united states
TRUE,united states
FALSE,united states
TRUE,united states
TRUE,united states
FALSE,united states
TRUE,united states
FALSE,united states
FALSE,united states
FALSE,united states
TRUE,united states
FALSE,united states
TRUE,united states
FALSE,united states
TRUE,united states
TRUE,united states
FALSE,united states
TRUE,united states
FALSE,united states
TRUE,united states
TRUE,united states
TRUE,united states
TRUE,united states
TRUE,united states
TRUE,united states
TRUE,united states
TRUE,united states
