TRUE,india
FALSE,india
FALSE,india
FALSE,blank field
FALSE,blank field
FALSE,blank field
FALSE,blank field
FALSE,india
TRUE,switzerland
FALSE,blank field
TRUE,blank field
TRUE,united states
FALSE,canada
TRUE,united states
TRUE,blank field
TRUE,united states
TRUE,united states
FALSE,Undefined
FALSE,blank field
FALSE,india
FALSE,austria
FALSE,blank field
FALSE,china
TRUE,united states
FALSE,blank field
FALSE,germany
FALSE,india
TRUE,blank field
TRUE,united states
FALSE,united kingdom
FALSE,Undefined
TRUE,united states
TRUE,united states
TRUE,austria
FALSE,indonesia
TRUE,switzerland
FALSE,blank field
FALSE,blank field
FALSE,united kingdom
TRUE,india
FALSE,blank field
FALSE,india
FALSE,blank field
FALSE,blank field
FALSE,blank field
FALSE,united states
TRUE,blank field
TRUE,united states
FALSE,blank field
FALSE,blank field
TRUE,blank field
FALSE,sweden
TRUE,blank field
TRUE,Undefined
TRUE,switzerland
TRUE,blank field
TRUE,blank field
TRUE,blank field
FALSE,blank field
TRUE,blank field
FALSE,blank field
TRUE,blank field
TRUE,switzerland
FALSE,brazil
FALSE,blank field
TRUE,denmark
FALSE,Undefined
TRUE,blank field
FALSE,blank field
TRUE,mexico
FALSE,india
TRUE,blank field
TRUE,australia
TRUE,portugal
TRUE,switzerland
FALSE,blank field
TRUE,united states
TRUE,india
FALSE,blank field
FALSE,Undefined
FALSE,australia
TRUE,united states
TRUE,blank field
FALSE,Undefined
TRUE,blank field
FALSE,united states
FALSE,netherlands
FALSE,germany
TRUE,switzerland
FALSE,blank field
FALSE,india
FALSE,blank field
TRUE,blank field
TRUE,Undefined
TRUE,united states
TRUE,united states
FALSE,united kingdom
TRUE,blank field
TRUE,united states
TRUE,blank field
TRUE,blank field
TRUE,united states
TRUE,germany
FALSE,blank field
FALSE,united states
TRUE,australia
TRUE,germany
TRUE,switzerland
TRUE,united states
TRUE,switzerland
FALSE,switzerland
FALSE,india
TRUE,Undefined
TRUE,Undefined
TRUE,switzerland
TRUE,blank field
FALSE,blank field
TRUE,united states
TRUE,ghana
TRUE,hungary
TRUE,hungary
FALSE,blank field
TRUE,united states
TRUE,united states
TRUE,switzerland
TRUE,switzerland
TRUE,switzerland
TRUE,switzerland
TRUE,switzerland
FALSE,blank field
TRUE,blank field
FALSE,blank field
TRUE,blank field
FALSE,blank field
TRUE,switzerland
TRUE,switzerland
TRUE,united states
FALSE,blank field
TRUE,blank field
TRUE,united states
TRUE,Undefined
TRUE,united states
FALSE,united states
TRUE,Undefined
TRUE,united states
TRUE,switzerland
TRUE,switzerland
FALSE,blank field
TRUE,united kingdom
FALSE,Undefined
TRUE,blank field
FALSE,blank field
TRUE,united states
TRUE,united states
TRUE,blank field
TRUE,united states
TRUE,blank field
TRUE,switzerland
TRUE,switzerland
TRUE,blank field
TRUE,germany
TRUE,united states
TRUE,united states
TRUE,united states
TRUE,blank field
TRUE,switzerland
FALSE,Undefined
TRUE,united states
FALSE,blank field
TRUE,united states
TRUE,blank field
TRUE,united states
TRUE,united states
TRUE,united states
TRUE,blank field
TRUE,israel
TRUE,united states
FALSE,israel
TRUE,switzerland
TRUE,switzerland
TRUE,blank field
TRUE,united states
TRUE,united states
TRUE,blank field
TRUE,united states
FALSE,blank field
TRUE,germany
TRUE,switzerland
TRUE,united states
TRUE,germany
TRUE,united states
TRUE,united states
TRUE,switzerland
FALSE,Undefined
FALSE,blank field
FALSE,blank field
TRUE,united states
TRUE,united states
TRUE,blank field
TRUE,switzerland
TRUE,blank field
TRUE,blank field
TRUE,united states
TRUE,united states
TRUE,united states
TRUE,united states
FALSE,Undefined
TRUE,united states
TRUE,switzerland
FALSE,germany
TRUE,switzerland
FALSE,blank field
TRUE,united states
TRUE,blank field
TRUE,united states
TRUE,united states
FALSE,united kingdom
TRUE,united kingdom
TRUE,blank field
FALSE,united states
TRUE,Undefined
TRUE,blank field
TRUE,blank field
TRUE,switzerland
TRUE,Undefined
TRUE,united states
FALSE,blank field
TRUE,united states
FALSE,blank field
TRUE,blank field
TRUE,blank field
TRUE,switzerland
TRUE,blank field
TRUE,united states
TRUE,switzerland
FALSE,pakistan
TRUE,united states
TRUE,blank field
FALSE,switzerland
TRUE,switzerland
TRUE,france
TRUE,blank field
TRUE,israel
FALSE,united states
FALSE,brazil
TRUE,blank field
TRUE,united states
TRUE,switzerland
TRUE,switzerland
TRUE,switzerland
TRUE,united states
TRUE,united states
TRUE,blank field
TRUE,blank field
FALSE,china
FALSE,united states
TRUE,blank field
TRUE,switzerland
TRUE,switzerland
FALSE,blank field
TRUE,switzerland
TRUE,Undefined
TRUE,india
TRUE,germany
TRUE,switzerland
FALSE,canada
TRUE,blank field
TRUE,switzerland
TRUE,switzerland
TRUE,switzerland
FALSE,switzerland
TRUE,blank field
FALSE,united states
TRUE,blank field
FALSE,blank field
TRUE,china
FALSE,switzerland
TRUE,germany
FALSE,blank field
FALSE,united states
TRUE,switzerland
FALSE,switzerland
TRUE,switzerland
FALSE,blank field
TRUE,united states
FALSE,blank field
TRUE,russia
FALSE,russia
TRUE,poland
TRUE,united states
TRUE,switzerland
FALSE,germany
TRUE,switzerland
TRUE,china
TRUE,united states
TRUE,united states
TRUE,blank field
FALSE,united states
TRUE,switzerland
TRUE,switzerland
TRUE,switzerland
TRUE,switzerland
TRUE,united states
FALSE,united states
TRUE,blank field
TRUE,blank field
TRUE,united states
TRUE,united states
TRUE,india
TRUE,blank field
TRUE,united kingdom
TRUE,blank field
TRUE,blank field
TRUE,united states
TRUE,blank field
TRUE,united states
TRUE,switzerland
TRUE,blank field
TRUE,united states
TRUE,india
TRUE,blank field
TRUE,blank field
TRUE,blank field
TRUE,united states
TRUE,united states
TRUE,Undefined
FALSE,Undefined
TRUE,switzerland
FALSE,spain
TRUE,blank field
TRUE,blank field
TRUE,switzerland
TRUE,switzerland
TRUE,switzerland
FALSE,blank field
TRUE,switzerland
TRUE,blank field
TRUE,Undefined
FALSE,blank field
FALSE,latvia
FALSE,united states
TRUE,blank field
TRUE,switzerland
TRUE,blank field
TRUE,united states
TRUE,blank field
FALSE,Undefined
TRUE,united states
FALSE,blank field
TRUE,blank field
TRUE,blank field
TRUE,blank field
TRUE,blank field
TRUE,united states
TRUE,united states
TRUE,blank field
TRUE,hong kong
TRUE,blank field
TRUE,blank field
TRUE,blank field
TRUE,Undefined
FALSE,hong kong
FALSE,united states
TRUE,blank field
TRUE,switzerland
TRUE,switzerland
TRUE,switzerland
TRUE,united states
TRUE,Undefined
TRUE,united states
TRUE,blank field
TRUE,blank field
TRUE,blank field
TRUE,united states
FALSE,israel
TRUE,switzerland
FALSE,china
TRUE,united states
TRUE,blank field
FALSE,united states
TRUE,united states
TRUE,switzerland
TRUE,blank field
TRUE,india
FALSE,dominican republic
TRUE,blank field
TRUE,blank field
TRUE,Undefined
FALSE,hong kong
FALSE,united states
TRUE,blank field
TRUE,switzerland
TRUE,switzerland
TRUE,switzerland
TRUE,united states
TRUE,Undefined
TRUE,united states
TRUE,blank field
TRUE,blank field
TRUE,blank field
TRUE,united states
FALSE,israel
TRUE,switzerland
FALSE,china
TRUE,united states
TRUE,blank field
FALSE,united states
TRUE,united states
TRUE,switzerland
TRUE,blank field
TRUE,india
FALSE,dominican republic
TRUE,australia
FALSE,blank field
TRUE,blank field
TRUE,blank field
FALSE,blank field
FALSE,blank field
TRUE,united states
TRUE,united states
FALSE,blank field
TRUE,india
TRUE,blank field
TRUE,dominican republic
TRUE,dominican republic
TRUE,Undefined
TRUE,poland
TRUE,israel
FALSE,united states
FALSE,blank field
TRUE,united states
TRUE,blank field
TRUE,blank field
TRUE,united states
FALSE,united states
TRUE,Undefined
FALSE,Undefined
TRUE,blank field
TRUE,blank field
FALSE,united states
TRUE,canada
TRUE,blank field
FALSE,blank field
FALSE,blank field
TRUE,blank field
TRUE,blank field
TRUE,blank field
TRUE,Undefined
TRUE,blank field
TRUE,blank field
TRUE,blank field
TRUE,hungary
TRUE,united states
TRUE,blank field
TRUE,united states
FALSE,united states
FALSE,blank field
FALSE,blank field
TRUE,blank field
TRUE,blank field
TRUE,blank field
TRUE,united states
TRUE,canada
TRUE,blank field
TRUE,Undefined
FALSE,sweden
TRUE,united states
TRUE,blank field
TRUE,blank field
TRUE,blank field
TRUE,united states
TRUE,blank field
TRUE,blank field
TRUE,blank field
TRUE,blank field
TRUE,united states
TRUE,blank field
TRUE,Undefined
TRUE,blank field
TRUE,united states
TRUE,united states
TRUE,blank field
TRUE,united states
TRUE,blank field
TRUE,blank field
TRUE,united states
TRUE,united states
TRUE,blank field
TRUE,blank field
TRUE,blank field
TRUE,united states
TRUE,blank field
TRUE,switzerland
FALSE,blank field
TRUE,blank field
FALSE,united states
TRUE,blank field
FALSE,united states
TRUE,blank field
TRUE,united states
TRUE,united states
TRUE,blank field
FALSE,switzerland
TRUE,united states
FALSE,switzerland
TRUE,united states
TRUE,china
FALSE,kazakhstan
TRUE,switzerland
TRUE,blank field
TRUE,united states
FALSE,united states
FALSE,united states
TRUE,blank field
FALSE,brazil
TRUE,united states
TRUE,blank field
TRUE,blank field
TRUE,switzerland
FALSE,Undefined
TRUE,united states
FALSE,united states
TRUE,united states
FALSE,blank field
FALSE,switzerland
TRUE,united states
TRUE,blank field
TRUE,united states
TRUE,blank field
TRUE,blank field
TRUE,switzerland
TRUE,switzerland
TRUE,united states
TRUE,united states
FALSE,Undefined
TRUE,blank field
TRUE,blank field
TRUE,united states
TRUE,united states
TRUE,united states
TRUE,united states
TRUE,united states
TRUE,blank field
TRUE,blank field
TRUE,blank field
TRUE,hungary
TRUE,china
TRUE,switzerland
TRUE,Undefined
TRUE,united states
TRUE,india
TRUE,blank field
TRUE,switzerland
TRUE,blank field
TRUE,switzerland
TRUE,united states
FALSE,united states
TRUE,united states
TRUE,switzerland
FALSE,switzerland
FALSE,Undefined
TRUE,blank field
TRUE,blank field
TRUE,united states
TRUE,france
TRUE,israel
TRUE,blank field
TRUE,blank field
FALSE,blank field
FALSE,blank field
TRUE,blank field
TRUE,switzerland
TRUE,switzerland
FALSE,blank field
TRUE,israel
FALSE,blank field
FALSE,Undefined
TRUE,switzerland
TRUE,china
TRUE,united states
TRUE,united states
FALSE,blank field
TRUE,blank field
TRUE,blank field
TRUE,switzerland
TRUE,switzerland
TRUE,switzerland
TRUE,blank field
TRUE,switzerland
TRUE,switzerland
TRUE,switzerland
TRUE,switzerland
FALSE,united states
TRUE,blank field
TRUE,blank field
TRUE,india
TRUE,blank field
TRUE,switzerland
TRUE,blank field
TRUE,blank field
TRUE,blank field
TRUE,switzerland
TRUE,united kingdom
TRUE,switzerland
TRUE,switzerland
FALSE,switzerland
FALSE,india
TRUE,united states
TRUE,blank field
TRUE,switzerland
TRUE,blank field
TRUE,united kingdom
TRUE,blank field
TRUE,switzerland
TRUE,united states
TRUE,switzerland
TRUE,blank field
TRUE,blank field
TRUE,blank field
TRUE,switzerland
TRUE,blank field
TRUE,blank field
TRUE,blank field
FALSE,germany
TRUE,blank field
TRUE,blank field
TRUE,blank field
TRUE,blank field
TRUE,united states
FALSE,switzerland
FALSE,canada
TRUE,canada
TRUE,blank field
TRUE,united states
TRUE,blank field
TRUE,blank field
TRUE,united states
TRUE,switzerland
TRUE,blank field
TRUE,switzerland
TRUE,blank field
TRUE,blank field
TRUE,united states
TRUE,switzerland
TRUE,united states
TRUE,hungary
TRUE,blank field
FALSE,switzerland
TRUE,united states
FALSE,united states
FALSE,united states
TRUE,blank field
TRUE,Undefined
TRUE,dominican republic
TRUE,canada
TRUE,united states
TRUE,blank field
TRUE,blank field
TRUE,united states
FALSE,switzerland
FALSE,blank field
FALSE,blank field
TRUE,blank field
TRUE,switzerland
TRUE,switzerland
FALSE,switzerland
FALSE,blank field
TRUE,blank field
TRUE,Undefined
TRUE,switzerland
TRUE,canada
TRUE,canada
TRUE,united states
TRUE,united states
TRUE,united states
TRUE,japan
TRUE,united states
FALSE,blank field
TRUE,japan
FALSE,blank field
FALSE,united states
TRUE,blank field
TRUE,hungary
TRUE,switzerland
TRUE,hungary
TRUE,switzerland
TRUE,switzerland
TRUE,switzerland
TRUE,blank field
TRUE,switzerland
TRUE,china
TRUE,Undefined
TRUE,blank field
FALSE,blank field
FALSE,blank field
FALSE,united states
FALSE,sweden
TRUE,blank field
TRUE,blank field
TRUE,germany
TRUE,switzerland
TRUE,united states
TRUE,china
TRUE,united states
TRUE,blank field
TRUE,blank field
TRUE,blank field
FALSE,united states
TRUE,blank field
FALSE,blank field
TRUE,blank field
TRUE,united states
TRUE,blank field
TRUE,blank field
TRUE,blank field
TRUE,switzerland
TRUE,switzerland
TRUE,Undefined
TRUE,blank field
TRUE,united states
TRUE,blank field
TRUE,dominican republic
FALSE,czechia
FALSE,united states
TRUE,blank field
TRUE,united states
TRUE,united states
TRUE,india
FALSE,united states
TRUE,switzerland
TRUE,switzerland
TRUE,blank field
FALSE,india
TRUE,blank field
TRUE,united states
TRUE,united states
TRUE,dominican republic
FALSE,dominican republic
TRUE,united states
TRUE,canada
TRUE,blank field
TRUE,sweden
TRUE,united states
TRUE,switzerland
TRUE,poland
TRUE,poland
FALSE,Undefined
FALSE,Undefined
TRUE,blank field
TRUE,united states
FALSE,blank field
TRUE,Undefined
TRUE,netherlands
TRUE,blank field
TRUE,Undefined
TRUE,united states
TRUE,united kingdom
FALSE,united states
TRUE,blank field
TRUE,united states
TRUE,united states
TRUE,dominican republic
FALSE,blank field
FALSE,blank field
FALSE,blank field
TRUE,canada
TRUE,united states
TRUE,poland
FALSE,united states
FALSE,blank field
FALSE,blank field
TRUE,blank field
TRUE,blank field
TRUE,blank field
TRUE,canada
TRUE,united states
FALSE,Undefined
FALSE,czechia
FALSE,pakistan
TRUE,blank field
TRUE,Undefined
TRUE,blank field
TRUE,united states
FALSE,blank field
TRUE,Undefined
TRUE,poland
TRUE,blank field
TRUE,poland
TRUE,switzerland
TRUE,switzerland
FALSE,blank field
FALSE,Undefined
TRUE,poland
TRUE,switzerland
FALSE,blank field
FALSE,blank field
TRUE,blank field
TRUE,united states
TRUE,blank field
TRUE,blank field
TRUE,united kingdom
TRUE,malta
TRUE,malta
FALSE,blank field
TRUE,brazil
TRUE,israel
TRUE,singapore
TRUE,united states
FALSE,united states
TRUE,united kingdom
TRUE,Undefined
FALSE,Undefined
TRUE,china
FALSE,blank field
TRUE,united states
TRUE,blank field
TRUE,united states
TRUE,china
TRUE,switzerland
TRUE,united states
FALSE,czechia
TRUE,united states
FALSE,united states
FALSE,united states
TRUE,united states
TRUE,blank field
TRUE,united states
TRUE,united states
TRUE,united states
FALSE,united kingdom
TRUE,switzerland
TRUE,united states
TRUE,poland
TRUE,blank field
TRUE,blank field
TRUE,blank field
TRUE,brazil
FALSE,germany
TRUE,blank field
FALSE,blank field
TRUE,czechia
TRUE,romania
FALSE,united kingdom
TRUE,blank field
TRUE,blank field
FALSE,switzerland
FALSE,united states
FALSE,united states
FALSE,united states
TRUE,blank field
TRUE,united states
TRUE,canada
TRUE,united states
FALSE,switzerland
TRUE,blank field
TRUE,blank field
TRUE,pakistan
TRUE,united states
FALSE,blank field
TRUE,australia
TRUE,blank field
TRUE,united states
FALSE,blank field
FALSE,switzerland
TRUE,united states
TRUE,blank field
FALSE,united states
FALSE,pakistan
FALSE,china
TRUE,switzerland
TRUE,switzerland
TRUE,blank field
TRUE,switzerland
TRUE,japan
TRUE,switzerland
FALSE,blank field
TRUE,Undefined
FALSE,pakistan
FALSE,switzerland
FALSE,united states
FALSE,united states
TRUE,switzerland
FALSE,canada
FALSE,blank field
TRUE,blank field
FALSE,canada
TRUE,blank field
TRUE,united states
TRUE,switzerland
TRUE,blank field
TRUE,united states
TRUE,switzerland
FALSE,canada
FALSE,united states
TRUE,blank field
TRUE,switzerland
FALSE,australia
TRUE,blank field
TRUE,blank field
TRUE,united states
TRUE,blank field
FALSE,blank field
TRUE,blank field
TRUE,blank field
TRUE,switzerland
TRUE,blank field
TRUE,blank field
TRUE,blank field
TRUE,germany
FALSE,blank field
TRUE,united states
TRUE,blank field
TRUE,united states
FALSE,italy
FALSE,italy
TRUE,germany
TRUE,blank field
FALSE,blank field
TRUE,blank field
TRUE,france
FALSE,canada
TRUE,blank field
TRUE,blank field
TRUE,blank field
TRUE,Undefined
TRUE,blank field
TRUE,germany
FALSE,blank field
FALSE,united states
TRUE,blank field
FALSE,Undefined
TRUE,poland
TRUE,Undefined
TRUE,blank field
TRUE,blank field
TRUE,blank field
TRUE,blank field
TRUE,Undefined
TRUE,united states
FALSE,blank field
TRUE,germany
TRUE,australia
TRUE,blank field
TRUE,blank field
TRUE,blank field
TRUE,united states
FALSE,united states
TRUE,united states
TRUE,switzerland
TRUE,switzerland
TRUE,united kingdom
TRUE,united states
TRUE,united states
FALSE,slovakia
FALSE,united states
TRUE,blank field
TRUE,united states
TRUE,switzerland
FALSE,united states
TRUE,germany
TRUE,switzerland
TRUE,blank field
TRUE,switzerland
TRUE,blank field
FALSE,switzerland
TRUE,switzerland
FALSE,blank field
FALSE,blank field
TRUE,blank field
TRUE,germany
TRUE,germany
TRUE,united states
TRUE,united states
TRUE,blank field
TRUE,blank field
TRUE,blank field
TRUE,lithuania
FALSE,blank field
TRUE,united states
TRUE,blank field
TRUE,canada
FALSE,united states
TRUE,blank field
FALSE,israel
TRUE,japan
TRUE,blank field
FALSE,united states
TRUE,canada
TRUE,united states
TRUE,switzerland
TRUE,blank field
TRUE,united states
TRUE,india
TRUE,united states
FALSE,united states
TRUE,germany
FALSE,blank field
FALSE,canada
TRUE,united states
TRUE,united states
TRUE,blank field
TRUE,blank field
FALSE,blank field
FALSE,blank field
TRUE,united states
TRUE,blank field
TRUE,united states
TRUE,Undefined
FALSE,germany
TRUE,blank field
TRUE,switzerland
TRUE,blank field
TRUE,blank field
FALSE,blank field
TRUE,switzerland
TRUE,switzerland
TRUE,blank field
TRUE,Undefined
TRUE,switzerland
TRUE,blank field
TRUE,switzerland
TRUE,romania
TRUE,united states
TRUE,switzerland
TRUE,blank field
TRUE,blank field
TRUE,malta
TRUE,Undefined
TRUE,blank field
TRUE,blank field
TRUE,blank field
FALSE,blank field
FALSE,italy
TRUE,switzerland
TRUE,switzerland
TRUE,malta
TRUE,united states
TRUE,colombia
TRUE,blank field
TRUE,germany
TRUE,Undefined
TRUE,blank field
TRUE,Undefined
FALSE,germany
FALSE,switzerland
TRUE,china
FALSE,switzerland
TRUE,united states
TRUE,china
TRUE,Undefined
FALSE,Undefined
TRUE,united states
TRUE,united states
TRUE,germany
TRUE,china
TRUE,blank field
FALSE,germany
TRUE,united states
FALSE,blank field
TRUE,united states
TRUE,israel
TRUE,switzerland
TRUE,blank field
TRUE,blank field
FALSE,blank field
TRUE,blank field
TRUE,Undefined
TRUE,blank field
TRUE,blank field
TRUE,united states
TRUE,switzerland
FALSE,blank field
TRUE,switzerland
FALSE,blank field
TRUE,blank field
FALSE,blank field
TRUE,czechia
TRUE,switzerland
TRUE,switzerland
TRUE,switzerland
FALSE,Undefined
FALSE,japan
FALSE,australia
TRUE,canada
TRUE,united states
FALSE,blank field
TRUE,blank field
TRUE,blank field
TRUE,switzerland
TRUE,united states
TRUE,blank field
TRUE,united states
TRUE,united states
FALSE,blank field
TRUE,blank field
FALSE,blank field
TRUE,blank field
FALSE,united states
FALSE,china
TRUE,israel
TRUE,Undefined
TRUE,blank field
FALSE,china
TRUE,united states
TRUE,israel
FALSE,united states
TRUE,united states
TRUE,united states
TRUE,blank field
FALSE,blank field
TRUE,blank field
TRUE,switzerland
TRUE,blank field
TRUE,blank field
FALSE,blank field
FALSE,blank field
FALSE,Undefined
TRUE,blank field
TRUE,blank field
TRUE,united states
FALSE,united states
TRUE,blank field
TRUE,hungary
FALSE,Undefined
TRUE,Undefined
FALSE,blank field
FALSE,blank field
TRUE,israel
TRUE,blank field
TRUE,switzerland
TRUE,blank field
TRUE,Undefined
FALSE,united states
FALSE,greece
TRUE,greece
TRUE,canada
TRUE,blank field
TRUE,blank field
FALSE,blank field
TRUE,united states
TRUE,blank field
TRUE,israel
TRUE,blank field
TRUE,united states
TRUE,blank field
TRUE,switzerland
FALSE,blank field
TRUE,blank field
TRUE,switzerland
TRUE,brazil
FALSE,blank field
TRUE,Undefined
TRUE,germany
FALSE,india
TRUE,united states
TRUE,switzerland
TRUE,blank field
TRUE,canada
FALSE,united states
TRUE,canada
TRUE,blank field
FALSE,blank field
TRUE,blank field
TRUE,finland
TRUE,portugal
FALSE,united states
FALSE,united states
TRUE,united states
TRUE,japan
TRUE,switzerland
TRUE,switzerland
FALSE,blank field
TRUE,switzerland
TRUE,japan
TRUE,croatia
TRUE,blank field
TRUE,sweden
TRUE,blank field
FALSE,japan
FALSE,Undefined
FALSE,indonesia
FALSE,blank field
TRUE,switzerland
TRUE,united states
FALSE,canada
FALSE,russia
TRUE,india
FALSE,Undefined
FALSE,blank field
FALSE,blank field
FALSE,belarus
TRUE,turkey
FALSE,blank field
FALSE,blank field
FALSE,united states
TRUE,turkey
FALSE,united states
FALSE,united states
TRUE,Undefined
TRUE,canada
FALSE,blank field
TRUE,blank field
TRUE,blank field
TRUE,Undefined
TRUE,blank field
TRUE,switzerland
FALSE,indonesia
FALSE,indonesia
FALSE,indonesia
FALSE,indonesia
FALSE,united states
TRUE,united states
TRUE,france
TRUE,blank field
FALSE,Undefined
TRUE,united states
TRUE,blank field
FALSE,blank field
TRUE,united states
TRUE,switzerland
TRUE,lithuania
FALSE,lithuania
TRUE,blank field
TRUE,united states
TRUE,blank field
TRUE,blank field
TRUE,blank field
TRUE,latvia
TRUE,hungary
TRUE,Undefined
TRUE,blank field
TRUE,blank field
TRUE,blank field
TRUE,switzerland
FALSE,united kingdom
TRUE,blank field
TRUE,blank field
TRUE,japan
TRUE,united states
TRUE,blank field
TRUE,switzerland
FALSE,blank field
TRUE,blank field
TRUE,switzerland
FALSE,germany
FALSE,united states
TRUE,blank field
FALSE,united states
TRUE,united states
FALSE,united states
TRUE,switzerland
TRUE,blank field
TRUE,united states
TRUE,canada
TRUE,switzerland
FALSE,blank field
TRUE,blank field
TRUE,blank field
TRUE,blank field
TRUE,blank field
TRUE,switzerland
TRUE,switzerland
TRUE,united states
TRUE,belgium
TRUE,france
TRUE,switzerland
TRUE,blank field
TRUE,blank field
TRUE,Undefined
TRUE,blank field
TRUE,blank field
FALSE,slovenia
TRUE,blank field
TRUE,switzerland
FALSE,Undefined
FALSE,switzerland
TRUE,switzerland
TRUE,germany
FALSE,ukraine
TRUE,Undefined
FALSE,Undefined
TRUE,singapore
FALSE,blank field
TRUE,poland
FALSE,blank field
TRUE,switzerland
FALSE,blank field
TRUE,Undefined
FALSE,blank field
TRUE,blank field
TRUE,blank field
TRUE,blank field
FALSE,blank field
TRUE,blank field
TRUE,switzerland
TRUE,blank field
TRUE,united states
TRUE,united states
TRUE,france
TRUE,united states
TRUE,germany
FALSE,russia
FALSE,blank field
TRUE,switzerland
TRUE,canada
TRUE,united states
TRUE,blank field
TRUE,united states
FALSE,united states
FALSE,switzerland
FALSE,russia
TRUE,blank field
TRUE,blank field
TRUE,united states
TRUE,france
TRUE,france
FALSE,blank field
TRUE,switzerland
FALSE,united states
FALSE,norway
TRUE,blank field
TRUE,switzerland
TRUE,switzerland
TRUE,switzerland
TRUE,finland
TRUE,belgium
TRUE,germany
FALSE,blank field
TRUE,switzerland
FALSE,switzerland
FALSE,blank field
TRUE,japan
TRUE,blank field
TRUE,united states
TRUE,blank field
TRUE,Undefined
TRUE,canada
TRUE,switzerland
FALSE,blank field
TRUE,poland
FALSE,blank field
FALSE,united states
TRUE,united states
TRUE,united states
TRUE,united states
TRUE,russia
FALSE,blank field
FALSE,liberia
TRUE,blank field
TRUE,netherlands
FALSE,china
TRUE,blank field
TRUE,united states
FALSE,Undefined
FALSE,china
TRUE,united states
TRUE,united states
TRUE,blank field
FALSE,united states
TRUE,united states
TRUE,united states
FALSE,united states
TRUE,united states
TRUE,china
TRUE,united states
FALSE,blank field
TRUE,blank field
TRUE,china
FALSE,blank field
FALSE,china
FALSE,blank field
FALSE,blank field
TRUE,germany
FALSE,Undefined
TRUE,Undefined
TRUE,united states
TRUE,blank field
FALSE,blank field
FALSE,Undefined
TRUE,Undefined
TRUE,united states
TRUE,united states
TRUE,switzerland
TRUE,china
TRUE,switzerland
TRUE,france
FALSE,china
TRUE,united states
TRUE,taiwan
FALSE,united states
TRUE,united states
TRUE,united states
TRUE,blank field
TRUE,blank field
TRUE,united states
TRUE,blank field
TRUE,switzerland
TRUE,united states
TRUE,blank field
TRUE,blank field
FALSE,blank field
FALSE,blank field
TRUE,blank field
TRUE,blank field
TRUE,czechia
TRUE,blank field
TRUE,blank field
TRUE,blank field
TRUE,switzerland
TRUE,Undefined
TRUE,switzerland
TRUE,switzerland
TRUE,liberia
FALSE,korea
FALSE,france
TRUE,united states
TRUE,united states
TRUE,united states
TRUE,united states
TRUE,united states
TRUE,india
FALSE,blank field
TRUE,switzerland
FALSE,blank field
TRUE,united states
TRUE,united states
TRUE,Undefined
TRUE,blank field
FALSE,blank field
FALSE,united states
TRUE,switzerland
TRUE,sweden
TRUE,blank field
TRUE,blank field
TRUE,blank field
TRUE,france
TRUE,blank field
FALSE,blank field
TRUE,blank field
TRUE,blank field
TRUE,Undefined
TRUE,blank field
FALSE,blank field
FALSE,blank field
FALSE,blank field
TRUE,blank field
TRUE,blank field
FALSE,hungary
FALSE,blank field
TRUE,blank field
FALSE,norway
FALSE,united states
TRUE,blank field
FALSE,blank field
FALSE,blank field
TRUE,blank field
TRUE,united kingdom
FALSE,blank field
TRUE,switzerland
TRUE,united states
FALSE,portugal
TRUE,blank field
TRUE,japan
TRUE,Undefined
FALSE,liberia
FALSE,blank field
TRUE,blank field
TRUE,blank field
TRUE,blank field
FALSE,blank field
TRUE,blank field
TRUE,united states
FALSE,blank field
TRUE,united states
TRUE,switzerland
TRUE,blank field
TRUE,blank field
FALSE,blank field
TRUE,switzerland
TRUE,portugal
FALSE,blank field
TRUE,switzerland
TRUE,switzerland
FALSE,blank field
TRUE,switzerland
TRUE,india
FALSE,india
TRUE,portugal
FALSE,blank field
TRUE,switzerland
TRUE,switzerland
FALSE,blank field
TRUE,portugal
FALSE,china
TRUE,united states
FALSE,russia
FALSE,south africa
TRUE,blank field
TRUE,switzerland
TRUE,portugal
FALSE,portugal
FALSE,india
TRUE,switzerland
FALSE,blank field
FALSE,germany
FALSE,blank field
TRUE,Undefined
TRUE,united kingdom
TRUE,switzerland
TRUE,blank field
TRUE,united states
TRUE,united states
TRUE,united states
FALSE,united states
TRUE,blank field
FALSE,united states
TRUE,united states
TRUE,Undefined
TRUE,blank field
TRUE,india
TRUE,blank field
TRUE,switzerland
TRUE,united states
TRUE,blank field
TRUE,blank field
TRUE,blank field
TRUE,germany
TRUE,united kingdom
TRUE,united states
FALSE,united states
TRUE,blank field
TRUE,norway
FALSE,Undefined
TRUE,united states
TRUE,switzerland
TRUE,switzerland
FALSE,india
FALSE,malaysia
FALSE,malaysia
FALSE,blank field
TRUE,blank field
TRUE,united states
FALSE,united states
FALSE,blank field
FALSE,taiwan
TRUE,india
TRUE,united states
TRUE,Undefined
TRUE,blank field
TRUE,united states
TRUE,united states
TRUE,united states
TRUE,united states
FALSE,blank field
TRUE,Undefined
FALSE,blank field
FALSE,united states
TRUE,switzerland
FALSE,israel
FALSE,germany
FALSE,united states
TRUE,blank field
TRUE,united states
TRUE,israel
FALSE,Undefined
TRUE,Undefined
TRUE,india
TRUE,united states
TRUE,blank field
TRUE,blank field
TRUE,blank field
TRUE,united states
TRUE,switzerland
TRUE,blank field
TRUE,blank field
TRUE,blank field
TRUE,blank field
FALSE,blank field
TRUE,blank field
TRUE,united states
TRUE,blank field
TRUE,Undefined
TRUE,blank field
TRUE,poland
FALSE,blank field
FALSE,Undefined
TRUE,Undefined
FALSE,Undefined
TRUE,switzerland
TRUE,switzerland
TRUE,germany
TRUE,germany
TRUE,united states
TRUE,united states
FALSE,united kingdom
TRUE,portugal
FALSE,blank field
TRUE,blank field
FALSE,poland
TRUE,united states
TRUE,united states
TRUE,france
TRUE,united states
FALSE,Undefined
TRUE,united states
TRUE,united states
FALSE,Undefined
TRUE,hungary
TRUE,united states
TRUE,united states
TRUE,united states
TRUE,germany
TRUE,germany
TRUE,south africa
TRUE,blank field
TRUE,united states
TRUE,blank field
TRUE,united states
TRUE,south africa
TRUE,south africa
TRUE,united states
TRUE,united states
TRUE,blank field
TRUE,japan
TRUE,blank field
FALSE,Undefined
FALSE,switzerland
TRUE,spain
TRUE,united states
TRUE,united states
TRUE,czechia
TRUE,blank field
TRUE,united states
TRUE,switzerland
TRUE,switzerland
TRUE,germany
TRUE,switzerland
TRUE,germany
TRUE,czechia
FALSE,blank field
FALSE,Undefined
TRUE,united states
FALSE,united states
FALSE,belarus
FALSE,blank field
FALSE,Undefined
TRUE,japan
TRUE,finland
FALSE,blank field
TRUE,united states
TRUE,switzerland
TRUE,germany
TRUE,united states
TRUE,Undefined
TRUE,norway
TRUE,blank field
FALSE,united states
FALSE,blank field
TRUE,united states
TRUE,Undefined
TRUE,united states
FALSE,switzerland
FALSE,blank field
FALSE,blank field
TRUE,blank field
TRUE,united states
TRUE,united kingdom
TRUE,switzerland
TRUE,germany
TRUE,switzerland
TRUE,blank field
TRUE,united states
TRUE,united states
TRUE,united states
TRUE,united states
FALSE,blank field
TRUE,united states
TRUE,hungary
TRUE,blank field
TRUE,united states
TRUE,switzerland
FALSE,united kingdom
FALSE,united states
TRUE,blank field
TRUE,blank field
FALSE,blank field
FALSE,blank field
FALSE,united states
FALSE,blank field
TRUE,blank field
TRUE,hungary
TRUE,australia
TRUE,united states
TRUE,blank field
TRUE,united states
FALSE,united states
TRUE,united kingdom
TRUE,united states
FALSE,portugal
TRUE,nepal
TRUE,hong kong
TRUE,blank field
TRUE,poland
TRUE,blank field
TRUE,blank field
TRUE,united states
TRUE,united states
TRUE,canada
FALSE,sri lanka
FALSE,united states
TRUE,united states
TRUE,switzerland
FALSE,united states
FALSE,united states
TRUE,united states
TRUE,germany
TRUE,blank field
TRUE,switzerland
TRUE,switzerland
TRUE,germany
TRUE,germany
TRUE,germany
FALSE,canada
TRUE,blank field
TRUE,india
TRUE,canada
TRUE,hungary
TRUE,united states
TRUE,hungary
FALSE,united states
TRUE,united states
FALSE,hong kong
FALSE,united states
FALSE,blank field
FALSE,united states
FALSE,united states
TRUE,hungary
FALSE,india
FALSE,dominican republic
FALSE,dominican republic
TRUE,blank field
TRUE,united states
TRUE,united states
TRUE,hong kong
FALSE,india
TRUE,switzerland
TRUE,china
TRUE,poland
TRUE,blank field
TRUE,united states
FALSE,blank field
TRUE,panama
TRUE,Undefined
TRUE,united states
TRUE,switzerland
FALSE,blank field
TRUE,blank field
TRUE,united kingdom
TRUE,new zealand
FALSE,china
TRUE,united kingdom
TRUE,Undefined
TRUE,switzerland
FALSE,united states
FALSE,switzerland
TRUE,blank field
TRUE,south africa
TRUE,switzerland
FALSE,switzerland
TRUE,thailand
FALSE,Undefined
TRUE,united states
TRUE,blank field
TRUE,blank field
FALSE,switzerland
TRUE,blank field
TRUE,blank field
TRUE,switzerland
TRUE,blank field
TRUE,blank field
TRUE,blank field
FALSE,pakistan
FALSE,blank field
FALSE,blank field
TRUE,united states
TRUE,blank field
TRUE,switzerland
FALSE,pakistan
TRUE,hungary
FALSE,united states
FALSE,united states
TRUE,united states
TRUE,canada
TRUE,blank field
TRUE,canada
TRUE,south africa
TRUE,italy
TRUE,germany
TRUE,united states
FALSE,united states
TRUE,blank field
TRUE,united states
FALSE,united states
TRUE,united states
TRUE,united states
TRUE,blank field
TRUE,romania
FALSE,russia
TRUE,switzerland
TRUE,blank field
TRUE,blank field
TRUE,united states
TRUE,switzerland
TRUE,switzerland
FALSE,belarus
TRUE,japan
TRUE,blank field
FALSE,blank field
TRUE,united states
TRUE,blank field
TRUE,united states
TRUE,switzerland
FALSE,switzerland
FALSE,blank field
FALSE,blank field
FALSE,japan
FALSE,blank field
TRUE,united states
TRUE,united states
FALSE,Undefined
FALSE,hong kong
FALSE,Undefined
FALSE,blank field
FALSE,Undefined
TRUE,switzerland
TRUE,Undefined
TRUE,switzerland
TRUE,switzerland
TRUE,blank field
FALSE,blank field
FALSE,blank field
TRUE,blank field
FALSE,blank field
FALSE,blank field
TRUE,united states
TRUE,united states
TRUE,switzerland
TRUE,denmark
TRUE,united states
TRUE,united states
TRUE,blank field
TRUE,united states
FALSE,united states
TRUE,united states
TRUE,united kingdom
TRUE,blank field
TRUE,united states
TRUE,blank field
TRUE,united states
TRUE,united states
TRUE,united states
TRUE,united states
TRUE,united states
TRUE,japan
TRUE,canada
TRUE,united states
TRUE,united states
TRUE,blank field
TRUE,united states
FALSE,china
TRUE,switzerland
FALSE,nigeria
TRUE,new zealand
FALSE,switzerland
TRUE,switzerland
FALSE,blank field
FALSE,blank field
TRUE,blank field
TRUE,united kingdom
FALSE,blank field
TRUE,switzerland
TRUE,blank field
TRUE,south africa
FALSE,south africa
TRUE,liberia
TRUE,united states
FALSE,united states
FALSE,Undefined
TRUE,china
TRUE,Undefined
TRUE,united states
TRUE,united states
TRUE,united states
FALSE,Undefined
TRUE,united states
TRUE,united states
FALSE,latvia
FALSE,united kingdom
TRUE,blank field
TRUE,united states
TRUE,blank field
TRUE,blank field
TRUE,blank field
TRUE,blank field
TRUE,blank field
TRUE,blank field
FALSE,blank field
TRUE,united states
TRUE,united states
FALSE,germany
TRUE,blank field
TRUE,united states
TRUE,blank field
FALSE,united states
FALSE,united states
TRUE,switzerland
TRUE,blank field
TRUE,blank field
TRUE,blank field
TRUE,blank field
TRUE,united states
FALSE,blank field
TRUE,blank field
TRUE,blank field
FALSE,blank field
TRUE,germany
TRUE,united states
TRUE,blank field
TRUE,united states
TRUE,latvia
TRUE,blank field
FALSE,blank field
TRUE,united states
TRUE,blank field
TRUE,blank field
FALSE,canada
TRUE,united states
FALSE,blank field
TRUE,united states
TRUE,united kingdom
TRUE,switzerland
FALSE,united states
TRUE,united kingdom
TRUE,united states
TRUE,switzerland
TRUE,switzerland
FALSE,germany
TRUE,united states
TRUE,china
FALSE,china
FALSE,blank field
FALSE,united states
TRUE,switzerland
FALSE,blank field
TRUE,blank field
TRUE,switzerland
FALSE,blank field
TRUE,germany
TRUE,switzerland
TRUE,switzerland
TRUE,switzerland
TRUE,united states
TRUE,blank field
TRUE,blank field
TRUE,united states
TRUE,united states
TRUE,switzerland
TRUE,united kingdom
FALSE,united states
TRUE,switzerland
TRUE,ukraine
TRUE,united states
TRUE,united kingdom
TRUE,Undefined
TRUE,blank field
TRUE,united states
TRUE,switzerland
TRUE,switzerland
FALSE,switzerland
TRUE,blank field
FALSE,germany
TRUE,united states
TRUE,estonia
TRUE,united states
TRUE,blank field
FALSE,blank field
TRUE,blank field
TRUE,switzerland
FALSE,spain
TRUE,switzerland
TRUE,blank field
TRUE,united states
FALSE,blank field
TRUE,united states
TRUE,blank field
TRUE,united states
TRUE,blank field
TRUE,united states
TRUE,blank field
TRUE,blank field
TRUE,switzerland
FALSE,blank field
FALSE,united states
TRUE,united states
TRUE,switzerland
TRUE,switzerland
TRUE,switzerland
TRUE,blank field
FALSE,blank field
TRUE,germany
TRUE,blank field
TRUE,united states
TRUE,switzerland
TRUE,switzerland
FALSE,blank field
FALSE,united states
FALSE,switzerland
TRUE,united states
TRUE,switzerland
TRUE,blank field
TRUE,blank field
FALSE,south africa
TRUE,united states
TRUE,blank field
TRUE,Undefined
TRUE,germany
FALSE,germany
TRUE,blank field
TRUE,south africa
TRUE,united states
FALSE,united states
FALSE,united states
TRUE,switzerland
TRUE,switzerland
TRUE,blank field
FALSE,blank field
TRUE,germany
TRUE,blank field
TRUE,united states
TRUE,switzerland
TRUE,switzerland
FALSE,blank field
FALSE,united states
FALSE,switzerland
TRUE,united states
TRUE,switzerland
TRUE,blank field
TRUE,blank field
FALSE,south africa
TRUE,united states
TRUE,blank field
TRUE,Undefined
TRUE,germany
FALSE,germany
TRUE,blank field
TRUE,south africa
TRUE,united states
FALSE,united states
FALSE,united states
TRUE,united states
FALSE,switzerland
TRUE,united states
TRUE,switzerland
TRUE,blank field
TRUE,united states
TRUE,united states
FALSE,united states
FALSE,blank field
TRUE,united states
TRUE,blank field
TRUE,united states
TRUE,united states
TRUE,blank field
TRUE,united states
FALSE,germany
FALSE,germany
TRUE,united states
TRUE,blank field
TRUE,Undefined
TRUE,united states
FALSE,Undefined
TRUE,united states
TRUE,blank field
TRUE,blank field
TRUE,poland
TRUE,blank field
TRUE,united states
FALSE,poland
TRUE,poland
TRUE,south africa
FALSE,new zealand
FALSE,germany
TRUE,blank field
TRUE,united states
TRUE,united states
TRUE,blank field
TRUE,poland
TRUE,poland
TRUE,switzerland
FALSE,japan
TRUE,blank field
TRUE,united states
FALSE,poland
TRUE,poland
FALSE,united states
TRUE,germany
TRUE,switzerland
TRUE,Undefined
TRUE,blank field
TRUE,blank field
TRUE,united states
TRUE,germany
TRUE,switzerland
TRUE,switzerland
FALSE,japan
FALSE,romania
TRUE,Undefined
FALSE,blank field
TRUE,united states
FALSE,united states
TRUE,blank field
TRUE,blank field
TRUE,blank field
TRUE,switzerland
TRUE,blank field
FALSE,blank field
FALSE,germany
FALSE,india
TRUE,india
TRUE,switzerland
TRUE,india
FALSE,china
TRUE,blank field
TRUE,united states
FALSE,united states
TRUE,blank field
TRUE,india
TRUE,czechia
TRUE,blank field
FALSE,blank field
TRUE,Undefined
TRUE,switzerland
TRUE,united states
TRUE,portugal
TRUE,united states
TRUE,blank field
TRUE,blank field
TRUE,blank field
TRUE,Undefined
FALSE,india
TRUE,united states
TRUE,blank field
TRUE,united states
TRUE,united states
TRUE,switzerland
TRUE,germany
FALSE,united kingdom
TRUE,blank field
TRUE,united states
TRUE,switzerland
TRUE,blank field
FALSE,blank field
FALSE,blank field
TRUE,blank field
TRUE,united states
TRUE,blank field
TRUE,united states
TRUE,united states
TRUE,germany
TRUE,blank field
TRUE,germany
TRUE,germany
FALSE,blank field
TRUE,germany
TRUE,united states
FALSE,blank field
FALSE,Undefined
TRUE,blank field
TRUE,blank field
TRUE,blank field
FALSE,united states
FALSE,united states
FALSE,united states
TRUE,united states
TRUE,switzerland
FALSE,united states
FALSE,blank field
TRUE,blank field
TRUE,united states
TRUE,blank field
FALSE,switzerland
TRUE,united states
TRUE,united states
TRUE,united states
TRUE,united states
FALSE,india
TRUE,united states
TRUE,switzerland
TRUE,Undefined
FALSE,Undefined
TRUE,czechia
TRUE,Undefined
TRUE,Undefined
FALSE,united states
FALSE,united states
TRUE,japan
TRUE,blank field
FALSE,Undefined
FALSE,united states
TRUE,Undefined
FALSE,china
FALSE,united states
FALSE,Undefined
FALSE,germany
FALSE,poland
FALSE,united kingdom
TRUE,blank field
TRUE,united states
TRUE,united states
TRUE,united states
TRUE,blank field
TRUE,united states
FALSE,united states
TRUE,united states
TRUE,Undefined
TRUE,china
TRUE,blank field
TRUE,united states
TRUE,blank field
TRUE,blank field
FALSE,switzerland
TRUE,switzerland
FALSE,australia
FALSE,switzerland
TRUE,india
TRUE,france
TRUE,Undefined
TRUE,korea
TRUE,blank field
FALSE,brazil
TRUE,united states
FALSE,brazil
TRUE,germany
TRUE,united states
FALSE,canada
TRUE,blank field
FALSE,china
FALSE,blank field
TRUE,united states
TRUE,united states
FALSE,blank field
TRUE,switzerland
FALSE,taiwan
TRUE,taiwan
TRUE,united states
TRUE,blank field
TRUE,switzerland
TRUE,blank field
TRUE,blank field
TRUE,united states
TRUE,blank field
TRUE,united states
TRUE,switzerland
FALSE,australia
TRUE,canada
FALSE,blank field
TRUE,blank field
TRUE,brazil
FALSE,france
TRUE,blank field
TRUE,spain
FALSE,india
TRUE,blank field
TRUE,blank field
TRUE,blank field
TRUE,blank field
TRUE,blank field
TRUE,blank field
TRUE,blank field
TRUE,switzerland
TRUE,switzerland
TRUE,switzerland
FALSE,japan
FALSE,Undefined
FALSE,blank field
TRUE,united states
TRUE,Undefined
FALSE,blank field
TRUE,blank field
FALSE,portugal
TRUE,blank field
TRUE,united states
FALSE,brazil
FALSE,blank field
TRUE,united states
TRUE,switzerland
FALSE,Undefined
TRUE,switzerland
TRUE,new zealand
FALSE,blank field
TRUE,romania
TRUE,blank field
FALSE,japan
FALSE,blank field
TRUE,new zealand
TRUE,blank field
TRUE,blank field
FALSE,united kingdom
TRUE,blank field
TRUE,blank field
FALSE,switzerland
TRUE,united states
TRUE,blank field
TRUE,blank field
TRUE,blank field
TRUE,blank field
TRUE,united states
TRUE,blank field
TRUE,united states
TRUE,blank field
FALSE,blank field
FALSE,portugal
TRUE,blank field
FALSE,united states
TRUE,blank field
TRUE,switzerland
TRUE,united states
TRUE,united states
TRUE,united states
FALSE,united states
TRUE,blank field
TRUE,germany
TRUE,romania
FALSE,russia
FALSE,russia
TRUE,czechia
TRUE,united states
TRUE,united states
TRUE,united states
FALSE,japan
FALSE,Undefined
TRUE,blank field
TRUE,united states
TRUE,blank field
FALSE,brazil
TRUE,blank field
TRUE,blank field
TRUE,united states
TRUE,blank field
TRUE,blank field
TRUE,united states
FALSE,Undefined
TRUE,united states
TRUE,blank field
TRUE,blank field
TRUE,blank field
TRUE,blank field
FALSE,Undefined
TRUE,blank field
TRUE,canada
TRUE,blank field
TRUE,blank field
TRUE,switzerland
TRUE,blank field
TRUE,united states
TRUE,united states
TRUE,portugal
TRUE,romania
FALSE,romania
FALSE,united kingdom
TRUE,blank field
TRUE,united states
TRUE,blank field
TRUE,russia
TRUE,blank field
FALSE,united states
TRUE,blank field
TRUE,blank field
TRUE,blank field
TRUE,blank field
TRUE,united states
TRUE,blank field
TRUE,Undefined
TRUE,united states
TRUE,blank field
TRUE,blank field
FALSE,united states
FALSE,switzerland
FALSE,Undefined
TRUE,Undefined
TRUE,united states
FALSE,united states
FALSE,blank field
TRUE,Undefined
TRUE,thailand
TRUE,germany
FALSE,blank field
TRUE,blank field
TRUE,blank field
TRUE,blank field
TRUE,switzerland
TRUE,switzerland
TRUE,switzerland
TRUE,switzerland
TRUE,united states
FALSE,united states
TRUE,blank field
TRUE,japan
TRUE,blank field
FALSE,canada
TRUE,switzerland
FALSE,switzerland
FALSE,united states
FALSE,united states
TRUE,united states
FALSE,blank field
TRUE,switzerland
TRUE,canada
TRUE,switzerland
TRUE,switzerland
TRUE,blank field
TRUE,blank field
TRUE,blank field
TRUE,blank field
FALSE,italy
TRUE,switzerland
TRUE,switzerland
FALSE,switzerland
TRUE,switzerland
TRUE,switzerland
TRUE,united states
TRUE,united states
FALSE,switzerland
TRUE,blank field
TRUE,united states
TRUE,blank field
FALSE,united states
TRUE,blank field
TRUE,Undefined
FALSE,united kingdom
TRUE,switzerland
TRUE,sweden
TRUE,switzerland
TRUE,Undefined
TRUE,united states
FALSE,blank field
TRUE,blank field
TRUE,switzerland
FALSE,united kingdom
TRUE,switzerland
TRUE,switzerland
TRUE,switzerland
TRUE,switzerland
FALSE,switzerland
TRUE,united states
TRUE,blank field
FALSE,sweden
TRUE,sweden
TRUE,united states
TRUE,united states
TRUE,united states
FALSE,blank field
TRUE,united states
TRUE,blank field
TRUE,blank field
TRUE,united states
TRUE,blank field
FALSE,switzerland
TRUE,switzerland
TRUE,united states
FALSE,blank field
TRUE,blank field
FALSE,switzerland
FALSE,blank field
TRUE,Undefined
TRUE,blank field
TRUE,Undefined
TRUE,switzerland
TRUE,switzerland
TRUE,france
FALSE,Undefined
TRUE,blank field
TRUE,canada
TRUE,switzerland
TRUE,switzerland
TRUE,switzerland
TRUE,united states
TRUE,united states
TRUE,india
FALSE,blank field
TRUE,blank field
FALSE,switzerland
FALSE,united states
FALSE,united states
FALSE,united states
FALSE,united states
TRUE,united states
TRUE,united states
FALSE,blank field
TRUE,switzerland
TRUE,united states
TRUE,united states
FALSE,blank field
TRUE,austria
TRUE,switzerland
FALSE,blank field
TRUE,blank field
TRUE,switzerland
TRUE,blank field
TRUE,united states
TRUE,Undefined
TRUE,blank field
TRUE,blank field
TRUE,switzerland
TRUE,Undefined
TRUE,thailand
FALSE,Undefined
TRUE,blank field
FALSE,united states
FALSE,blank field
TRUE,blank field
TRUE,blank field
TRUE,singapore
TRUE,switzerland
TRUE,blank field
TRUE,blank field
TRUE,united states
TRUE,switzerland
FALSE,blank field
FALSE,switzerland
TRUE,blank field
FALSE,blank field
FALSE,spain
TRUE,Undefined
TRUE,united states
TRUE,united states
TRUE,Undefined
TRUE,blank field
TRUE,united states
TRUE,blank field
TRUE,blank field
TRUE,blank field
FALSE,blank field
FALSE,blank field
FALSE,united kingdom
TRUE,united kingdom
TRUE,Undefined
TRUE,czechia
FALSE,netherlands
FALSE,blank field
FALSE,Undefined
TRUE,blank field
TRUE,switzerland
FALSE,united states
TRUE,blank field
TRUE,blank field
TRUE,switzerland
FALSE,switzerland
TRUE,netherlands
FALSE,russia
FALSE,russia
TRUE,united states
FALSE,blank field
TRUE,france
FALSE,blank field
TRUE,switzerland
FALSE,switzerland
TRUE,Undefined
TRUE,blank field
TRUE,estonia
TRUE,switzerland
TRUE,blank field
TRUE,czechia
TRUE,blank field
TRUE,blank field
TRUE,blank field
FALSE,switzerland
FALSE,czechia
TRUE,switzerland
TRUE,blank field
TRUE,blank field
TRUE,blank field
TRUE,united states
TRUE,czechia
TRUE,blank field
FALSE,Undefined
TRUE,blank field
TRUE,blank field
TRUE,united states
TRUE,united states
TRUE,united states
TRUE,united states
TRUE,czechia
TRUE,switzerland
TRUE,united states
TRUE,blank field
TRUE,Undefined
TRUE,united kingdom
TRUE,switzerland
TRUE,switzerland
TRUE,switzerland
TRUE,united states
TRUE,switzerland
FALSE,blank field
TRUE,switzerland
TRUE,blank field
TRUE,switzerland
TRUE,blank field
TRUE,blank field
TRUE,switzerland
TRUE,chile
TRUE,switzerland
TRUE,switzerland
TRUE,united states
TRUE,united states
TRUE,united states
TRUE,united states
TRUE,united states
TRUE,switzerland
TRUE,brazil
TRUE,Undefined
FALSE,united states
FALSE,united states
TRUE,canada
TRUE,blank field
TRUE,bulgaria
TRUE,united states
FALSE,liberia
TRUE,switzerland
TRUE,blank field
TRUE,blank field
TRUE,blank field
TRUE,switzerland
FALSE,china
TRUE,switzerland
FALSE,Undefined
TRUE,switzerland
TRUE,blank field
TRUE,blank field
TRUE,united states
TRUE,switzerland
TRUE,united states
TRUE,united states
TRUE,blank field
TRUE,united states
TRUE,canada
FALSE,peru
TRUE,blank field
TRUE,blank field
FALSE,blank field
TRUE,blank field
FALSE,united states
FALSE,Undefined
TRUE,united states
FALSE,cyprus
TRUE,united states
TRUE,blank field
TRUE,blank field
TRUE,poland
TRUE,blank field
TRUE,taiwan
TRUE,blank field
TRUE,blank field
TRUE,blank field
TRUE,blank field
TRUE,blank field
TRUE,blank field
TRUE,blank field
TRUE,blank field
TRUE,switzerland
FALSE,poland
TRUE,india
TRUE,netherlands
TRUE,switzerland
TRUE,china
TRUE,switzerland
TRUE,germany
TRUE,switzerland
TRUE,blank field
TRUE,blank field
TRUE,blank field
TRUE,united states
FALSE,united states
TRUE,france
FALSE,india
FALSE,blank field
FALSE,united states
FALSE,united states
FALSE,Undefined
TRUE,united kingdom
TRUE,switzerland
TRUE,blank field
FALSE,blank field
TRUE,blank field
TRUE,singapore
TRUE,united states
TRUE,blank field
TRUE,blank field
TRUE,united states
TRUE,blank field
TRUE,blank field
TRUE,blank field
TRUE,blank field
TRUE,blank field
FALSE,blank field
TRUE,blank field
TRUE,blank field
TRUE,blank field
FALSE,blank field
FALSE,blank field
FALSE,united states
TRUE,united states
TRUE,united states
TRUE,germany
TRUE,united states
TRUE,united states
FALSE,blank field
FALSE,united states
TRUE,switzerland
FALSE,blank field
TRUE,united states
TRUE,blank field
TRUE,Undefined
TRUE,blank field
TRUE,blank field
TRUE,united states
TRUE,united states
TRUE,blank field
TRUE,india
TRUE,india
TRUE,switzerland
TRUE,blank field
TRUE,blank field
TRUE,blank field
TRUE,blank field
TRUE,blank field
FALSE,Undefined
TRUE,united states
TRUE,united states
FALSE,blank field
TRUE,blank field
TRUE,blank field
TRUE,canada
TRUE,united states
TRUE,switzerland
TRUE,united states
TRUE,blank field
TRUE,united states
TRUE,india
TRUE,switzerland
FALSE,singapore
TRUE,blank field
TRUE,united states
TRUE,blank field
TRUE,blank field
TRUE,blank field
TRUE,blank field
TRUE,blank field
TRUE,blank field
TRUE,blank field
TRUE,switzerland
TRUE,australia
FALSE,blank field
TRUE,blank field
TRUE,blank field
TRUE,blank field
TRUE,united states
TRUE,switzerland
FALSE,united states
TRUE,switzerland
FALSE,blank field
TRUE,blank field
TRUE,singapore
TRUE,united states
TRUE,switzerland
TRUE,united states
TRUE,united states
FALSE,switzerland
FALSE,australia
TRUE,united states
TRUE,united states
TRUE,blank field
FALSE,blank field
TRUE,united states
TRUE,blank field
TRUE,united states
TRUE,blank field
TRUE,blank field
TRUE,switzerland
TRUE,switzerland
FALSE,switzerland
TRUE,united states
TRUE,switzerland
TRUE,blank field
TRUE,blank field
TRUE,blank field
TRUE,united states
TRUE,united states
TRUE,blank field
FALSE,blank field
TRUE,blank field
FALSE,blank field
TRUE,blank field
TRUE,united states
TRUE,blank field
TRUE,blank field
TRUE,united states
FALSE,blank field
FALSE,blank field
TRUE,blank field
TRUE,japan
TRUE,united states
FALSE,blank field
TRUE,united states
FALSE,germany
FALSE,Undefined
TRUE,blank field
TRUE,blank field
FALSE,singapore
TRUE,blank field
TRUE,blank field
TRUE,united states
TRUE,blank field
TRUE,switzerland
TRUE,netherlands
TRUE,united states
TRUE,blank field
TRUE,blank field
TRUE,switzerland
TRUE,switzerland
TRUE,united states
FALSE,poland
TRUE,switzerland
TRUE,blank field
TRUE,blank field
FALSE,switzerland
TRUE,spain
TRUE,netherlands
TRUE,blank field
FALSE,china
TRUE,blank field
TRUE,blank field
FALSE,canada
FALSE,france
TRUE,blank field
TRUE,poland
FALSE,poland
TRUE,united states
FALSE,blank field
FALSE,united states
TRUE,poland
FALSE,Undefined
TRUE,blank field
TRUE,indonesia
TRUE,greece
FALSE,Undefined
TRUE,blank field
FALSE,blank field
TRUE,united states
TRUE,blank field
TRUE,blank field
TRUE,switzerland
TRUE,switzerland
FALSE,poland
TRUE,blank field
FALSE,blank field
TRUE,blank field
TRUE,blank field
TRUE,blank field
TRUE,singapore
TRUE,blank field
TRUE,switzerland
TRUE,blank field
TRUE,united states
FALSE,blank field
TRUE,japan
TRUE,switzerland
TRUE,united states
TRUE,blank field
TRUE,blank field
TRUE,blank field
TRUE,blank field
FALSE,canada
FALSE,blank field
TRUE,blank field
TRUE,Undefined
TRUE,Undefined
FALSE,blank field
TRUE,blank field
TRUE,united states
TRUE,blank field
TRUE,united states
TRUE,united states
TRUE,united states
TRUE,blank field
TRUE,blank field
FALSE,china
TRUE,china
TRUE,blank field
FALSE,blank field
TRUE,blank field
TRUE,blank field
TRUE,switzerland
TRUE,switzerland
FALSE,Undefined
TRUE,blank field
TRUE,united states
TRUE,switzerland
TRUE,united states
TRUE,blank field
TRUE,blank field
TRUE,united states
TRUE,france
FALSE,united states
FALSE,united states
TRUE,united states
TRUE,united states
TRUE,blank field
TRUE,blank field
TRUE,blank field
TRUE,blank field
FALSE,united states
TRUE,united states
TRUE,blank field
TRUE,blank field
TRUE,blank field
TRUE,united states
TRUE,united states
TRUE,united states
TRUE,united states
FALSE,united states
FALSE,united states
TRUE,united states
TRUE,united states
FALSE,blank field
TRUE,switzerland
TRUE,switzerland
TRUE,switzerland
TRUE,blank field
TRUE,blank field
TRUE,blank field
TRUE,united states
TRUE,blank field
TRUE,switzerland
TRUE,blank field
TRUE,blank field
TRUE,blank field
TRUE,blank field
TRUE,blank field
TRUE,blank field
TRUE,united states
TRUE,united states
TRUE,blank field
TRUE,blank field
TRUE,blank field
FALSE,switzerland
TRUE,united states
TRUE,switzerland
FALSE,blank field
TRUE,blank field
TRUE,united states
TRUE,switzerland
TRUE,switzerland
FALSE,switzerland
TRUE,switzerland
FALSE,canada
TRUE,united states
TRUE,blank field
TRUE,united states
TRUE,blank field
TRUE,blank field
TRUE,blank field
TRUE,blank field
TRUE,Undefined
TRUE,blank field
TRUE,united states
TRUE,united states
TRUE,japan
FALSE,united states
FALSE,switzerland
TRUE,blank field
FALSE,china
TRUE,Undefined
TRUE,switzerland
FALSE,united states
TRUE,united states
FALSE,switzerland
TRUE,Undefined
FALSE,switzerland
TRUE,switzerland
FALSE,blank field
TRUE,united states
FALSE,blank field
TRUE,blank field
TRUE,blank field
TRUE,united states
TRUE,united states
TRUE,blank field
TRUE,switzerland
TRUE,switzerland
TRUE,blank field
TRUE,united states
TRUE,united states
TRUE,switzerland
TRUE,switzerland
TRUE,switzerland
TRUE,germany
TRUE,united states
TRUE,united states
TRUE,united states
TRUE,united states
TRUE,switzerland
FALSE,japan
FALSE,switzerland
FALSE,blank field
TRUE,blank field
TRUE,united states
TRUE,blank field
FALSE,united states
FALSE,germany
TRUE,united states
TRUE,united states
FALSE,Undefined
TRUE,united states
TRUE,Undefined
TRUE,Undefined
TRUE,switzerland
FALSE,india
FALSE,france
TRUE,united states
TRUE,china
TRUE,united states
TRUE,japan
TRUE,germany
TRUE,blank field
FALSE,Undefined
TRUE,czechia
TRUE,germany
FALSE,united states
TRUE,united states
TRUE,united states
FALSE,sweden
TRUE,switzerland
FALSE,united states
TRUE,china
TRUE,blank field
TRUE,blank field
TRUE,blank field
TRUE,blank field
TRUE,germany
TRUE,canada
FALSE,spain
TRUE,switzerland
TRUE,japan
TRUE,switzerland
TRUE,united states
FALSE,india
TRUE,china
FALSE,blank field
TRUE,united states
TRUE,switzerland
FALSE,blank field
TRUE,blank field
TRUE,switzerland
FALSE,switzerland
TRUE,pakistan
TRUE,united states
FALSE,united states
TRUE,switzerland
TRUE,australia
FALSE,Undefined
FALSE,greece
FALSE,japan
FALSE,blank field
TRUE,switzerland
TRUE,blank field
TRUE,blank field
TRUE,panama
TRUE,blank field
FALSE,blank field
TRUE,united states
TRUE,switzerland
TRUE,blank field
FALSE,blank field
FALSE,united kingdom
TRUE,Undefined
TRUE,united states
TRUE,Undefined
TRUE,switzerland
TRUE,blank field
TRUE,Undefined
TRUE,china
TRUE,united states
TRUE,united states
TRUE,australia
TRUE,blank field
FALSE,canada
TRUE,Undefined
TRUE,japan
TRUE,Undefined
FALSE,Undefined
FALSE,blank field
TRUE,switzerland
TRUE,switzerland
TRUE,switzerland
FALSE,japan
TRUE,united states
TRUE,united states
TRUE,blank field
FALSE,germany
TRUE,switzerland
TRUE,united states
TRUE,blank field
TRUE,united states
TRUE,switzerland
TRUE,Undefined
TRUE,Undefined
FALSE,blank field
FALSE,united states
FALSE,denmark
TRUE,Undefined
TRUE,united states
FALSE,switzerland
FALSE,china
TRUE,thailand
FALSE,china
FALSE,china
FALSE,japan
FALSE,hong kong
TRUE,switzerland
FALSE,switzerland
TRUE,blank field
TRUE,blank field
FALSE,blank field
FALSE,Undefined
TRUE,united states
TRUE,czechia
TRUE,poland
TRUE,switzerland
FALSE,switzerland
FALSE,spain
FALSE,blank field
TRUE,switzerland
TRUE,united states
TRUE,france
FALSE,blank field
TRUE,blank field
TRUE,korea
TRUE,blank field
FALSE,venezuela
TRUE,switzerland
TRUE,blank field
TRUE,united states
TRUE,blank field
TRUE,blank field
TRUE,united states
TRUE,blank field
FALSE,united states
TRUE,blank field
TRUE,Undefined
TRUE,switzerland
FALSE,australia
TRUE,united states
TRUE,blank field
FALSE,Undefined
TRUE,poland
TRUE,poland
TRUE,poland
FALSE,blank field
TRUE,switzerland
TRUE,blank field
TRUE,blank field
TRUE,united states
TRUE,blank field
TRUE,blank field
TRUE,spain
TRUE,switzerland
TRUE,blank field
TRUE,blank field
TRUE,united states
TRUE,switzerland
TRUE,Undefined
TRUE,Undefined
TRUE,blank field
TRUE,blank field
TRUE,switzerland
TRUE,united states
FALSE,blank field
TRUE,blank field
TRUE,blank field
TRUE,blank field
TRUE,china
FALSE,switzerland
FALSE,bulgaria
FALSE,iran
TRUE,blank field
FALSE,china
FALSE,united states
FALSE,blank field
TRUE,france
TRUE,australia
FALSE,germany
TRUE,switzerland
TRUE,spain
TRUE,Undefined
FALSE,czechia
FALSE,blank field
FALSE,blank field
TRUE,blank field
TRUE,Undefined
TRUE,united states
TRUE,france
TRUE,united states
FALSE,Undefined
FALSE,Undefined
FALSE,Undefined
FALSE,germany
FALSE,Undefined
TRUE,Undefined
TRUE,united states
TRUE,Undefined
FALSE,russia
TRUE,united states
TRUE,korea
TRUE,Undefined
TRUE,Undefined
TRUE,switzerland
FALSE,switzerland
TRUE,switzerland
TRUE,Undefined
FALSE,korea
TRUE,korea
TRUE,united states
TRUE,switzerland
TRUE,switzerland
TRUE,united states
TRUE,united states
FALSE,new zealand
TRUE,switzerland
FALSE,japan
TRUE,united states
TRUE,Undefined
FALSE,united states
FALSE,blank field
TRUE,united states
TRUE,blank field
TRUE,blank field
FALSE,blank field
TRUE,switzerland
TRUE,switzerland
FALSE,Undefined
TRUE,Undefined
TRUE,switzerland
TRUE,Undefined
FALSE,Undefined
FALSE,Undefined
TRUE,Undefined
TRUE,Undefined
TRUE,united states
FALSE,germany
TRUE,blank field
TRUE,Undefined
TRUE,Undefined
TRUE,Undefined
TRUE,united states
TRUE,united states
FALSE,india
FALSE,blank field
FALSE,united states
TRUE,blank field
TRUE,Undefined
TRUE,united states
TRUE,bulgaria
FALSE,blank field
TRUE,blank field
TRUE,blank field
FALSE,blank field
FALSE,united states
FALSE,blank field
TRUE,bulgaria
TRUE,blank field
FALSE,united states
TRUE,united states
TRUE,united states
TRUE,switzerland
TRUE,south africa
TRUE,united states
TRUE,united states
TRUE,switzerland
TRUE,blank field
TRUE,switzerland
FALSE,pakistan
TRUE,blank field
FALSE,germany
TRUE,mexico
FALSE,blank field
TRUE,switzerland
TRUE,luxembourg
TRUE,luxembourg
TRUE,blank field
TRUE,blank field
FALSE,switzerland
FALSE,south africa
FALSE,south africa
TRUE,united states
FALSE,united states
TRUE,switzerland
TRUE,united states
FALSE,switzerland
TRUE,united states
TRUE,united states
FALSE,united states
TRUE,united states
FALSE,Undefined
FALSE,blank field
FALSE,Undefined
FALSE,china
TRUE,switzerland
TRUE,switzerland
TRUE,switzerland
FALSE,blank field
TRUE,blank field
FALSE,united states
FALSE,blank field
TRUE,united states
TRUE,united states
TRUE,Undefined
TRUE,Undefined
TRUE,united states
TRUE,united states
FALSE,blank field
TRUE,united kingdom
TRUE,united states
TRUE,blank field
TRUE,united states
FALSE,Undefined
TRUE,blank field
TRUE,switzerland
TRUE,switzerland
TRUE,blank field
TRUE,united states
TRUE,switzerland
FALSE,china
TRUE,blank field
FALSE,blank field
TRUE,china
TRUE,south africa
TRUE,united states
TRUE,united states
TRUE,united states
TRUE,united states
TRUE,blank field
FALSE,united states
TRUE,ireland
TRUE,blank field
TRUE,switzerland
FALSE,blank field
TRUE,switzerland
TRUE,switzerland
TRUE,Undefined
TRUE,blank field
FALSE,Undefined
FALSE,blank field
TRUE,switzerland
TRUE,blank field
FALSE,saudi arabia
TRUE,switzerland
TRUE,china
FALSE,south africa
TRUE,switzerland
TRUE,blank field
FALSE,Undefined
TRUE,blank field
TRUE,blank field
TRUE,Undefined
FALSE,switzerland
FALSE,blank field
FALSE,blank field
TRUE,blank field
FALSE,united states
TRUE,blank field
TRUE,blank field
TRUE,blank field
TRUE,united states
TRUE,united states
TRUE,blank field
FALSE,blank field
TRUE,blank field
TRUE,blank field
TRUE,blank field
TRUE,blank field
TRUE,switzerland
TRUE,greece
FALSE,blank field
TRUE,china
TRUE,switzerland
TRUE,united states
FALSE,united states
FALSE,Undefined
TRUE,united states
FALSE,blank field
FALSE,Undefined
TRUE,Undefined
TRUE,Undefined
FALSE,blank field
FALSE,blank field
TRUE,blank field
FALSE,blank field
TRUE,Undefined
FALSE,united states
FALSE,united states
FALSE,blank field
FALSE,south africa
TRUE,Undefined
TRUE,blank field
TRUE,united states
TRUE,united states
TRUE,switzerland
FALSE,blank field
TRUE,south africa
TRUE,united states
TRUE,blank field
TRUE,blank field
FALSE,Undefined
FALSE,Undefined
TRUE,Undefined
TRUE,Undefined
TRUE,australia
TRUE,Undefined
TRUE,united states
FALSE,blank field
TRUE,greece
TRUE,australia
TRUE,blank field
TRUE,switzerland
FALSE,blank field
FALSE,blank field
TRUE,united states
TRUE,united states
TRUE,switzerland
TRUE,united states
TRUE,blank field
FALSE,blank field
TRUE,united states
FALSE,blank field
FALSE,blank field
FALSE,switzerland
FALSE,blank field
TRUE,blank field
FALSE,blank field
TRUE,greece
TRUE,switzerland
TRUE,norway
TRUE,united states
TRUE,united states
TRUE,south africa
TRUE,Undefined
FALSE,japan
TRUE,united states
TRUE,united states
TRUE,blank field
TRUE,germany
TRUE,greece
TRUE,china
TRUE,united states
FALSE,blank field
FALSE,blank field
TRUE,united states
TRUE,switzerland
TRUE,switzerland
FALSE,china
TRUE,germany
TRUE,switzerland
TRUE,switzerland
TRUE,india
TRUE,united states
FALSE,united states
TRUE,blank field
FALSE,blank field
FALSE,blank field
TRUE,blank field
TRUE,united states
TRUE,blank field
TRUE,switzerland
TRUE,switzerland
FALSE,united kingdom
TRUE,norway
TRUE,united states
FALSE,blank field
FALSE,united states
FALSE,spain
TRUE,blank field
TRUE,blank field
FALSE,Undefined
TRUE,japan
TRUE,united states
TRUE,blank field
TRUE,switzerland
FALSE,hong kong
TRUE,blank field
FALSE,united states
FALSE,switzerland
TRUE,united states
FALSE,germany
TRUE,switzerland
TRUE,united states
FALSE,Undefined
TRUE,united states
TRUE,united states
FALSE,germany
TRUE,switzerland
TRUE,japan
FALSE,japan
TRUE,switzerland
FALSE,japan
TRUE,Undefined
FALSE,blank field
TRUE,japan
TRUE,switzerland
TRUE,japan
TRUE,switzerland
TRUE,switzerland
TRUE,switzerland
FALSE,united states
FALSE,blank field
FALSE,blank field
TRUE,switzerland
TRUE,switzerland
TRUE,blank field
FALSE,blank field
TRUE,united kingdom
TRUE,japan
TRUE,switzerland
FALSE,japan
TRUE,france
TRUE,blank field
TRUE,blank field
TRUE,japan
TRUE,switzerland
TRUE,Undefined
TRUE,blank field
TRUE,Undefined
TRUE,united states
FALSE,united states
TRUE,switzerland
TRUE,japan
TRUE,united states
TRUE,china
TRUE,united states
TRUE,switzerland
TRUE,switzerland
TRUE,switzerland
FALSE,japan
TRUE,switzerland
FALSE,united states
FALSE,united states
FALSE,Undefined
TRUE,united states
TRUE,switzerland
TRUE,united states
FALSE,germany
FALSE,blank field
FALSE,switzerland
TRUE,Undefined
TRUE,china
FALSE,japan
TRUE,taiwan
TRUE,netherlands
FALSE,israel
TRUE,united states
TRUE,blank field
TRUE,japan
TRUE,blank field
TRUE,blank field
TRUE,japan
TRUE,blank field
FALSE,blank field
FALSE,Undefined
TRUE,united states
TRUE,united states
TRUE,united states
TRUE,switzerland
TRUE,Undefined
TRUE,switzerland
TRUE,switzerland
TRUE,france
TRUE,switzerland
FALSE,japan
FALSE,germany
TRUE,germany
TRUE,switzerland
FALSE,blank field
FALSE,switzerland
TRUE,switzerland
TRUE,switzerland
TRUE,united states
TRUE,china
TRUE,china
FALSE,united states
TRUE,switzerland
TRUE,switzerland
FALSE,switzerland
FALSE,blank field
TRUE,france
TRUE,blank field
TRUE,switzerland
TRUE,switzerland
FALSE,switzerland
TRUE,switzerland
TRUE,switzerland
FALSE,Undefined
TRUE,united states
TRUE,switzerland
TRUE,switzerland
TRUE,switzerland
TRUE,switzerland
FALSE,blank field
TRUE,switzerland
FALSE,blank field
TRUE,united states
TRUE,egypt
TRUE,switzerland
TRUE,united states
TRUE,united states
TRUE,united states
TRUE,switzerland
FALSE,united states
FALSE,united states
TRUE,Undefined
TRUE,Undefined
TRUE,blank field
TRUE,united states
FALSE,united kingdom
FALSE,united states
TRUE,united states
TRUE,united states
TRUE,switzerland
TRUE,united states
FALSE,india
FALSE,india
FALSE,india
FALSE,india
FALSE,blank field
TRUE,blank field
TRUE,united states
FALSE,india
TRUE,switzerland
TRUE,blank field
TRUE,norway
TRUE,united states
TRUE,norway
TRUE,norway
TRUE,norway
TRUE,united states
TRUE,united states
TRUE,united states
TRUE,united states
TRUE,united kingdom
FALSE,Undefined
TRUE,united states
FALSE,blank field
FALSE,blank field
FALSE,united kingdom
FALSE,germany
TRUE,germany
TRUE,united states
FALSE,united states
TRUE,united states
TRUE,united states
TRUE,blank field
TRUE,switzerland
TRUE,switzerland
TRUE,blank field
FALSE,norway
TRUE,united states
FALSE,blank field
FALSE,blank field
TRUE,switzerland
TRUE,switzerland
FALSE,japan
TRUE,switzerland
TRUE,switzerland
TRUE,united states
TRUE,switzerland
FALSE,united states
TRUE,switzerland
TRUE,switzerland
TRUE,switzerland
TRUE,united states
FALSE,united states
TRUE,united states
TRUE,switzerland
FALSE,germany
FALSE,switzerland
TRUE,switzerland
TRUE,united states
TRUE,united states
TRUE,blank field
TRUE,blank field
FALSE,switzerland
FALSE,switzerland
TRUE,switzerland
TRUE,switzerland
TRUE,united states
TRUE,united states
TRUE,united states
TRUE,switzerland
TRUE,switzerland
TRUE,switzerland
FALSE,Undefined
TRUE,switzerland
TRUE,switzerland
TRUE,united states
FALSE,united states
FALSE,japan
TRUE,switzerland
TRUE,switzerland
TRUE,united states
FALSE,Undefined
TRUE,australia
FALSE,switzerland
TRUE,united states
TRUE,switzerland
FALSE,Undefined
TRUE,blank field
FALSE,blank field
FALSE,united states
FALSE,Undefined
TRUE,switzerland
FALSE,Undefined
TRUE,united states
TRUE,finland
TRUE,germany
FALSE,canada
TRUE,brazil
TRUE,switzerland
TRUE,germany
TRUE,canada
TRUE,blank field
FALSE,blank field
TRUE,switzerland
TRUE,switzerland
FALSE,blank field
TRUE,united states
TRUE,united states
FALSE,united states
TRUE,switzerland
FALSE,indonesia
FALSE,switzerland
TRUE,switzerland
TRUE,switzerland
TRUE,switzerland
FALSE,india
TRUE,switzerland
TRUE,switzerland
TRUE,united states
FALSE,blank field
TRUE,japan
FALSE,blank field
TRUE,switzerland
FALSE,united states
TRUE,russia
TRUE,switzerland
TRUE,blank field
FALSE,Undefined
TRUE,switzerland
TRUE,switzerland
TRUE,indonesia
FALSE,blank field
TRUE,united states
TRUE,united states
TRUE,blank field
TRUE,switzerland
TRUE,united states
FALSE,united states
TRUE,switzerland
TRUE,switzerland
TRUE,Undefined
TRUE,switzerland
TRUE,blank field
FALSE,blank field
TRUE,switzerland
TRUE,united states
TRUE,united states
FALSE,japan
TRUE,switzerland
TRUE,indonesia
TRUE,switzerland
TRUE,switzerland
TRUE,Undefined
TRUE,united states
FALSE,blank field
TRUE,switzerland
FALSE,switzerland
FALSE,blank field
FALSE,switzerland
TRUE,switzerland
FALSE,united states
FALSE,blank field
TRUE,france
TRUE,france
TRUE,switzerland
TRUE,switzerland
TRUE,switzerland
TRUE,blank field
TRUE,blank field
TRUE,blank field
TRUE,brazil
TRUE,switzerland
FALSE,blank field
TRUE,switzerland
TRUE,switzerland
FALSE,switzerland
TRUE,switzerland
TRUE,switzerland
TRUE,united states
TRUE,united kingdom
TRUE,united states
FALSE,united states
TRUE,morocco
TRUE,germany
TRUE,united states
FALSE,united states
TRUE,Undefined
TRUE,russia
TRUE,italy
TRUE,united kingdom
FALSE,united states
FALSE,blank field
FALSE,united states
TRUE,Undefined
FALSE,united states
TRUE,united states
FALSE,switzerland
TRUE,switzerland
TRUE,united states
FALSE,Undefined
TRUE,switzerland
FALSE,france
TRUE,united states
TRUE,united states
TRUE,united states
TRUE,united states
FALSE,united states
FALSE,united states
FALSE,blank field
TRUE,united states
FALSE,Undefined
TRUE,switzerland
TRUE,Undefined
TRUE,austria
TRUE,Undefined
FALSE,china
TRUE,switzerland
TRUE,portugal
TRUE,Undefined
TRUE,united states
TRUE,Undefined
TRUE,blank field
