50Wliu,Undefined
50Wliu,Undefined
50Wliu,Undefined
Ben3eeE,sweden
simurai,japan
maxbrunsfeld,united states
Ben3eeE,sweden
kodemonster,Undefined
kodemonster,Undefined
daviwil,united states
jasonrudolph,united kingdom
Ben3eeE,sweden
daviwil,united states
Ben3eeE,sweden
50Wliu,Undefined
Ben3eeE,sweden
Ben3eeE,sweden
Ben3eeE,sweden
maxbrunsfeld,united states
Ben3eeE,sweden
daviwil,united states
maxbrunsfeld,united states
Ben3eeE,sweden
51m0n2063r,Undefined
kuychaco,united states
annthurium,Undefined
daviwil,united states
RyanPisuena,guatemala
qaisadeea,Undefined
qaisadeea,Undefined
50Wliu,Undefined
maxbrunsfeld,united states
maxbrunsfeld,united states
Ben3eeE,sweden
Ben3eeE,sweden
jasonrudolph,united kingdom
daviwil,united states
berrylaw,hong kong
tjfryan,united states
Sarangdedsec,Undefined
Sarangdedsec,Undefined
philson-philip,Undefined
daviwil,united states
daviwil,united states
daviwil,united states
ghost,Undefined
sachin-kumar-singh,Undefined
daviwil,united states
Priyanka7056,Undefined
daviwil,united states
daviwil,united states
mfonville,Undefined
daviwil,united states
daviwil,united states
shadow-light,Undefined
daviwil,united states
daviwil,united states
jasonrudolph,united kingdom
daviwil,united states
jasonrudolph,united kingdom
daviwil,united states
Arcanemagus,Undefined
daviwil,united states
daviwil,united states
daviwil,united states
daviwil,united states
daviwil,united states
daviwil,united states
smashwilson,Undefined
smashwilson,Undefined
chrisrpatterson,united states
jasonrudolph,united kingdom
daviwil,united states
daviwil,united states
wbinnssmith,united states
smashwilson,Undefined
smashwilson,Undefined
jasonrudolph,united kingdom
daviwil,united states
Arcanemagus,Undefined
janczer,poland
daviwil,united states
daviwil,united states
zypA13510,china
annthurium,Undefined
simurai,japan
maxbrunsfeld,united states
daviwil,united states
mfonville,Undefined
smashwilson,Undefined
maxbrunsfeld,united states
maxbrunsfeld,united states
daviwil,united states
daviwil,united states
queerviolet,Undefined
maxbrunsfeld,united states
jasonrudolph,united kingdom
chrisrpatterson,united states
annthurium,Undefined
jasonrudolph,united kingdom
cacheflow,united states
maxbrunsfeld,united states
maxbrunsfeld,united states
smashwilson,Undefined
ariasuni,france
maxbrunsfeld,united states
SpencerSnake,Undefined
SpencerSnake,Undefined
maxbrunsfeld,united states
maxbrunsfeld,united states
jasonrudolph,united kingdom
maxbrunsfeld,united states
simurai,japan
daviwil,united states
sivaprasadreddynooli,united states
captbaritone,united states
annthurium,Undefined
daviwil,united states
daviwil,united states
smashwilson,Undefined
daviwil,united states
daviwil,united states
daviwil,united states
annthurium,Undefined
daviwil,united states
maxbrunsfeld,united states
queerviolet,Undefined
stepanhruda,united states
daviwil,united states
annthurium,Undefined
asheren,united states
smashwilson,Undefined
smashwilson,Undefined
tobiasvl,norway
JosephTLyons,Undefined
maxbrunsfeld,united states
daviwil,united states
maxbrunsfeld,united states
queerviolet,Undefined
daviwil,united states
smashwilson,Undefined
maxbrunsfeld,united states
daviwil,united states
Jinivus,Undefined
maxbrunsfeld,united states
daviwil,united states
jasonrudolph,united kingdom
wilon,china
maxbrunsfeld,united states
matthewwithanm,united states
daviwil,united states
matthewwithanm,united states
daviwil,united states
daviwil,united states
daviwil,united states
jasonrudolph,united kingdom
maxbrunsfeld,united states
daviwil,united states
jasonrudolph,united kingdom
jasonrudolph,united kingdom
maxbrunsfeld,united states
queerviolet,Undefined
smashwilson,Undefined
lee-doppelganger,Undefined
lee-doppelganger,Undefined
ghost,Undefined
daviwil,united states
jasonrudolph,united kingdom
queerviolet,Undefined
jasonrudolph,united kingdom
maxbrunsfeld,united states
daviwil,united states
desenvolvedorIcotrade,brazil
smashwilson,Undefined
rholinshead,Undefined
smashwilson,Undefined
brennenberkley,united states
daviwil,united states
daviwil,united states
daviwil,united states
lee-dohm,united states
smashwilson,Undefined
daviwil,united states
lee-dohm,united states
jasonrudolph,united kingdom
cacheflow,united states
Gemfilelock,Undefined
matthewwithanm,united states
jasonrudolph,united kingdom
jasonrudolph,united kingdom
annthurium,Undefined
annthurium,Undefined
50Wliu,Undefined
annthurium,Undefined
maxbrunsfeld,united states
spookey123,Undefined
fedelibre,Undefined
maxbrunsfeld,united states
jasonrudolph,united kingdom
daviwil,united states
maxbrunsfeld,united states
gbwkf,Undefined
Aerijo,australia
jasonrudolph,united kingdom
smashwilson,Undefined
jasonrudolph,united kingdom
rayfoss,romania
50Wliu,Undefined
firewicca,Undefined
50Wliu,Undefined
thomasjo,norway
daviwil,united states
maxbrunsfeld,united states
maxbrunsfeld,united states
maxbrunsfeld,united states
maxbrunsfeld,united states
thomasjo,norway
smashwilson,Undefined
daviwil,united states
smashwilson,Undefined
smashwilson,Undefined
smashwilson,Undefined
smashwilson,Undefined
smashwilson,Undefined
smashwilson,Undefined
maxbrunsfeld,united states
smashwilson,Undefined
smashwilson,Undefined
smashwilson,Undefined
lllusion3469,Undefined
rsese,united states
jasonrudolph,united kingdom
daviwil,united states
npezza93,united states
smashwilson,Undefined
50Wliu,Undefined
jasonrudolph,united kingdom
jasonrudolph,united kingdom
zweid,germany
jasonrudolph,united kingdom
Arcanemagus,Undefined
maxbrunsfeld,united states
daviwil,united states
vishaal-sridhar,Undefined
50Wliu,Undefined
hansonw,Undefined
daviwil,united states
jasonrudolph,united kingdom
captbaritone,united states
captbaritone,united states
byronigoe,Undefined
jasonrudolph,united kingdom
smashwilson,Undefined
maxbrunsfeld,united states
maxbrunsfeld,united states
daviwil,united states
maxbrunsfeld,united states
simurai,japan
Ben3eeE,sweden
smashwilson,Undefined
smashwilson,Undefined
lee-dohm,united states
yzgyyang,united states
maxbrunsfeld,united states
annthurium,Undefined
smashwilson,Undefined
astaut,Undefined
Rezayovan,Undefined
Rezayovan,Undefined
dolsenj,Undefined
smashwilson,Undefined
motuvr,united states
smashwilson,Undefined
smashwilson,Undefined
t9md,japan
annthurium,Undefined
marcomorain,ireland
smashwilson,Undefined
jasonrudolph,united kingdom
Ben3eeE,sweden
pro3spb,Undefined
matthewwithanm,united states
Arcanemagus,Undefined
smashwilson,Undefined
maxbrunsfeld,united states
smashwilson,Undefined
lee-dohm,united states
smashwilson,Undefined
svhuynh,Undefined
smashwilson,Undefined
smashwilson,Undefined
saadq,Undefined
smashwilson,Undefined
smashwilson,Undefined
Arcanemagus,Undefined
ndh175,united kingdom
as-cii,italy
smashwilson,Undefined
as-cii,italy
as-cii,italy
BoykoAlex,canada
matthewwithanm,united states
inactiveaccnt,philippines
lee-dohm,united states
maxbrunsfeld,united states
50Wliu,Undefined
smashwilson,Undefined
jasonrudolph,united kingdom
smashwilson,Undefined
Ben3eeE,sweden
Ben3eeE,sweden
Connormiha,Undefined
Connormiha,Undefined
iolsen,united states
smashwilson,Undefined
matthewwithanm,united states
matthewwithanm,united states
jerry88kim,Undefined
smashwilson,Undefined
smashwilson,Undefined
philipfweiss,united states
iolsen,united states
SHADOWELITE7,united states
matthewwithanm,united states
Arcanemagus,Undefined
maxbrunsfeld,united states
ungb,united states
maxbrunsfeld,united states
maxbrunsfeld,united states
wbinnssmith,united states
50Wliu,Undefined
daviwil,united states
maxbrunsfeld,united states
Evpok,france
smashwilson,Undefined
50Wliu,Undefined
smashwilson,Undefined
maxbrunsfeld,united states
nathansobo,united states
jackass0528,Undefined
50Wliu,Undefined
ungb,united states
maxbrunsfeld,united states
billyjanitsch,united states
UziTech,united states
maxbrunsfeld,united states
maxbrunsfeld,united states
Arcanemagus,Undefined
maxbrunsfeld,united states
wbinnssmith,united states
iolsen,united states
philipfweiss,united states
50Wliu,Undefined
Connormiha,Undefined
faxata,Undefined
captbaritone,united states
as-cii,italy
philipfweiss,united states
the-j0k3r,Undefined
50Wliu,Undefined
maxbrunsfeld,united states
maxbrunsfeld,united states
50Wliu,Undefined
captbaritone,united states
jaysonvirissimo,united states
jasonrudolph,united kingdom
jasonrudolph,united kingdom
daviwil,united states
daviwil,united states
maxbrunsfeld,united states
as-cii,italy
as-cii,italy
philipfweiss,united states
maxbrunsfeld,united states
maxbrunsfeld,united states
rickydam,canada
50Wliu,Undefined
nathansobo,united states
UziTech,united states
t9md,japan
MoritzKn,germany
DJ967,Undefined
as-cii,italy
rosston,united states
daviwil,united states
jasonrudolph,united kingdom
as-cii,italy
daviwil,united states
50Wliu,Undefined
50Wliu,Undefined
maxbrunsfeld,united states
damieng,united states
as-cii,italy
as-cii,italy
BinaryMuse,united states
nathansobo,united states
nathansobo,united states
maxbrunsfeld,united states
maxbrunsfeld,united states
maxbrunsfeld,united states
lee-dohm,united states
jasonrudolph,united kingdom
tobiasvl,norway
jasonrudolph,united kingdom
lee-dohm,united states
m1guelpf,spain
mortenpi,new zealand
maxbrunsfeld,united states
fordhurley,united states
lee-dohm,united states
him2him2,united states
malept,united states
ernesto28,mexico
daviwil,united states
simurai,japan
segevfiner,israel
damieng,united states
joshuadeguzman,philippines
xuxiaoxin,Undefined
forkme7,Undefined
50Wliu,Undefined
leroix,Undefined
davidrsfalcao,portugal
GilTeixeira,Undefined
kant,Undefined
50Wliu,Undefined
50Wliu,Undefined
simurai,japan
50Wliu,Undefined
50Wliu,Undefined
leroix,Undefined
peterparkers,Undefined
maxbrunsfeld,united states
maxbrunsfeld,united states
dangdinhduong,Undefined
maxbrunsfeld,united states
xfontes42,Undefined
kuychaco,united states
maxbrunsfeld,united states
mmoedinhas,Undefined
mpcmarques,portugal
leroix,Undefined
isoeugenol,Undefined
50Wliu,Undefined
50Wliu,Undefined
fjwldap,Undefined
50Wliu,Undefined
ParrishJ89,Undefined
U8NWXD,Undefined
50Wliu,Undefined
50Wliu,Undefined
U8NWXD,Undefined
U8NWXD,Undefined
BinaryMuse,united states
thomasjo,norway
maxbrunsfeld,united states
U8NWXD,Undefined
50Wliu,Undefined
BinaryMuse,united states
U8NWXD,Undefined
nathansobo,united states
U8NWXD,Undefined
smashwilson,Undefined
dungeonmaster18,india
50Wliu,Undefined
nilanjan-cse,Undefined
MaliciouSSymbol,egypt
lee-dohm,united states
jasonrudolph,united kingdom
maxbrunsfeld,united states
maxbrunsfeld,united states
itsmichaelwang,united states
smashwilson,Undefined
maxbrunsfeld,united states
Ben3eeE,sweden
maxbrunsfeld,united states
nathansobo,united states
jasonrudolph,united kingdom
jasonrudolph,united kingdom
maxbrunsfeld,united states
leroix,Undefined
leroix,Undefined
leroix,Undefined
hansonw,Undefined
maxbrunsfeld,united states
nathansobo,united states
UziTech,united states
jasonrudolph,united kingdom
royGil,Undefined
maxbrunsfeld,united states
nathansobo,united states
nathansobo,united states
nathansobo,united states
50Wliu,Undefined
nathansobo,united states
bs34,Undefined
maxbrunsfeld,united states
Rohith-hacker,pakistan
Rohith-hacker,pakistan
jasonrudolph,united kingdom
50Wliu,Undefined
jasonrudolph,united kingdom
nathansobo,united states
Ingramz,Undefined
jbjonesjr,romania
leroix,Undefined
maxbrunsfeld,united states
50Wliu,Undefined
damieng,united states
maxbrunsfeld,united states
nathansobo,united states
nathansobo,united states
50Wliu,Undefined
jasonrudolph,united kingdom
maxbrunsfeld,united states
nathansobo,united states
maxbrunsfeld,united states
jasonrudolph,united kingdom
RAHUL9545416,Undefined
Ingramz,Undefined
ChristianFaris2000,Undefined
jasonrudolph,united kingdom
leroix,Undefined
Fank,germany
jasonrudolph,united kingdom
50Wliu,Undefined
Fank,germany
jasonrudolph,united kingdom
jasonrudolph,united kingdom
BinaryMuse,united states
BinaryMuse,united states
FalkF,Undefined
KPsychO,Undefined
as-cii,italy
Ben3eeE,sweden
laurmurclar,Undefined
jasonrudolph,united kingdom
leroix,Undefined
ashcrow,Undefined
leroix,Undefined
as-cii,italy
Azmuuuu,Undefined
lee-dohm,united states
jasonrudolph,united kingdom
jasonrudolph,united kingdom
as-cii,italy
Ben3eeE,sweden
nathansobo,united states
jasonrudolph,united kingdom
as-cii,italy
NuttasitBoonwat,Undefined
NuttasitBoonwat,Undefined
nathansobo,united states
maxbrunsfeld,united states
maxbrunsfeld,united states
NuttasitBoonwat,Undefined
the-j0k3r,Undefined
AryanJ-NYC,united states
arnavb,Undefined
pramod-b-s,Undefined
AryanJ-NYC,united states
matthewwithanm,united states
maxbrunsfeld,united states
Ben3eeE,sweden
maxbrunsfeld,united states
iolsen,united states
Ben3eeE,sweden
thomasjo,norway
maxbrunsfeld,united states
maxbrunsfeld,united states
smashwilson,Undefined
50Wliu,Undefined
hazzalove,bulgaria
Yulgana33,Undefined
maxbrunsfeld,united states
50Wliu,Undefined
mohanuppaluri,Undefined
BinaryMuse,united states
UziTech,united states
dreiss,united states
smashwilson,Undefined
jasonrudolph,united kingdom
BenRussert,united states
smashwilson,Undefined
BinaryMuse,united states
keangkai,Undefined
jasonrudolph,united kingdom
Ben3eeE,sweden
maxbrunsfeld,united states
smashwilson,Undefined
keangkai,Undefined
maxbrunsfeld,united states
maxbrunsfeld,united states
t9md,japan
andrew-aladev,belarus
maxbrunsfeld,united states
lee-dohm,united states
jsoref,canada
50Wliu,Undefined
jasonrudolph,united kingdom
as-cii,italy
as-cii,italy
Ingramz,Undefined
Ingramz,Undefined
50Wliu,Undefined
xtaraim,Undefined
satyamramawat,Undefined
as-cii,italy
leroix,Undefined
damieng,united states
50Wliu,Undefined
as-cii,italy
as-cii,italy
as-cii,italy
damieng,united states
as-cii,italy
richardsimko,Undefined
HebaruSan,Undefined
as-cii,italy
as-cii,italy
MoritzKn,germany
iolsen,united states
lee-dohm,united states
as-cii,italy
as-cii,italy
50Wliu,Undefined
50Wliu,Undefined
maxbrunsfeld,united states
lee-dohm,united states
siddharthghugharwal,Undefined
kuychaco,united states
Ben3eeE,sweden
fjsm20,Undefined
Ben3eeE,sweden
as-cii,italy
nathansobo,united states
Xapphire13,united states
maxbrunsfeld,united states
smashwilson,Undefined
BinaryMuse,united states
as-cii,italy
IngTatianaLopez,Undefined
wbinnssmith,united states
wbinnssmith,united states
as-cii,italy
nathansobo,united states
wbinnssmith,united states
marceloatie,brazil
as-cii,italy
smashwilson,Undefined
kuychaco,united states
iolsen,united states
as-cii,italy
as-cii,italy
Boshusya,Undefined
as-cii,italy
as-cii,italy
samtoubia,Undefined
samtoubia,Undefined
nathansobo,united states
nathansobo,united states
nathansobo,united states
nathansobo,united states
nathansobo,united states
nathansobo,united states
ungb,united states
captbaritone,united states
nathansobo,united states
nathansobo,united states
as-cii,italy
smashwilson,Undefined
as-cii,italy
as-cii,italy
as-cii,italy
nathansobo,united states
as-cii,italy
as-cii,italy
nathansobo,united states
captbaritone,united states
captbaritone,united states
as-cii,italy
as-cii,italy
Dhruvadityamittal,Undefined
as-cii,italy
nathansobo,united states
nathansobo,united states
captbaritone,united states
nathansobo,united states
as-cii,italy
smashwilson,Undefined
jasonrudolph,united kingdom
maxbrunsfeld,united states
50Wliu,Undefined
smashwilson,Undefined
50Wliu,Undefined
smashwilson,Undefined
mrnonz,Undefined
probonopd,germany
smashwilson,Undefined
Ben3eeE,sweden
jasonrudolph,united kingdom
Kreozot,russia
lee-dohm,united states
jasonrudolph,united kingdom
segevfiner,israel
wbinnssmith,united states
segevfiner,israel
jasonrudolph,united kingdom
nathansobo,united states
nathansobo,united states
jasonrudolph,united kingdom
ungb,united states
alanyee,united states
BinaryMuse,united states
jasonrudolph,united kingdom
mrnonz,Undefined
listentodella,Undefined
smashwilson,Undefined
maxbrunsfeld,united states
nathansobo,united states
t9md,japan
mortenpi,new zealand
p-e-w,Undefined
the0neyouseek,france
daxlab,india
damieng,united states
damieng,united states
nathansobo,united states
maxbrunsfeld,united states
karljang,Undefined
damieng,united states
jasonrudolph,united kingdom
joy1305,Undefined
Aaron09,Undefined
jackHedaya,Undefined
jasonrudolph,united kingdom
damieng,united states
as-cii,italy
mehcode,united states
50Wliu,Undefined
damieng,united states
damieng,united states
damieng,united states
simurai,japan
damieng,united states
nathansobo,united states
as-cii,italy
BinaryMuse,united states
as-cii,italy
nathansobo,united states
as-cii,italy
UziTech,united states
as-cii,italy
yubaoquan,Undefined
matthewwithanm,united states
as-cii,italy
as-cii,italy
as-cii,italy
pkdaw,bangladesh
TimvdLippe,united kingdom
kuychaco,united states
jamesjpk123,united states
ghost,Undefined
smashwilson,Undefined
lgeiger,germany
maxbrunsfeld,united states
50Wliu,Undefined
nathansobo,united states
paulcbetts,united states
paulcbetts,united states
damieng,united states
as-cii,italy
wrongway4you,Undefined
jasonrudolph,united kingdom
tjkohli,Undefined
damieng,united states
matthewwithanm,united states
as-cii,italy
50Wliu,Undefined
jasonrudolph,united kingdom
UziTech,united states
BinaryMuse,united states
joy1305,Undefined
simurai,japan
paulcbetts,united states
paulcbetts,united states
as-cii,italy
lee-dohm,united states
jasonrudolph,united kingdom
nathansobo,united states
as-cii,italy
CoolAppsDev,Undefined
damieng,united states
as-cii,italy
paulcbetts,united states
richcocoa,india
simurai,japan
UziTech,united states
jasonrudolph,united kingdom
lee-dohm,united states
jasonrudolph,united kingdom
50Wliu,Undefined
kuychaco,united states
lee-dohm,united states
as-cii,italy
adammertzenich,Undefined
BinaryMuse,united states
warrenpnz,Undefined
mrngoitall,united states
maxbrunsfeld,united states
jasonrudolph,united kingdom
lee-dohm,united states
Xapphire13,united states
kuychaco,united states
maxbrunsfeld,united states
50Wliu,Undefined
50Wliu,Undefined
hansonw,Undefined
BinaryMuse,united states
Positive07,argentina
matthewwithanm,united states
Positive07,argentina
lee-dohm,united states
BinaryMuse,united states
BinaryMuse,united states
50Wliu,Undefined
iamadarshkumar,india
matthewwithanm,united states
as-cii,italy
nathansobo,united states
torn4dom4n,Undefined
as-cii,italy
nathansobo,united states
nathansobo,united states
mnquintana,united states
lee-dohm,united states
matthewwithanm,united states
BinaryMuse,united states
smashwilson,Undefined
NicolasHov,france
as-cii,italy
maxbrunsfeld,united states
BinaryMuse,united states
sindresorhus,Undefined
hansonw,Undefined
flexiondotorg,united kingdom
BinaryMuse,united states
BinaryMuse,united states
damieng,united states
maxbrunsfeld,united states
damieng,united states
BinaryMuse,united states
nikselite,Undefined
maxbrunsfeld,united states
jamiebuilds,Undefined
smashwilson,Undefined
50Wliu,Undefined
smashwilson,Undefined
shanept,Undefined
maxbrunsfeld,united states
matthewwithanm,united states
edjubuh,united states
matthewwithanm,united states
matthewwithanm,united states
matthewwithanm,united states
as-cii,italy
maxbrunsfeld,united states
nathansobo,united states
matthewwithanm,united states
matthewwithanm,united states
maxbrunsfeld,united states
nathansobo,united states
as-cii,italy
maxbrunsfeld,united states
matthewwithanm,united states
maxbrunsfeld,united states
BinaryMuse,united states
maxbrunsfeld,united states
nathansobo,united states
maxbrunsfeld,united states
jasonrudolph,united kingdom
matthewwithanm,united states
BinaryMuse,united states
maxbrunsfeld,united states
cs150bf,Undefined
cs150bf,Undefined
as-cii,italy
matthewwithanm,united states
matthewwithanm,united states
kierans,Undefined
matthewwithanm,united states
as-cii,italy
as-cii,italy
RidhimaMohindra,Undefined
akkatracker,australia
dietmar,austria
sanketh95,pakistan
as-cii,italy
matthewwithanm,united states
50Wliu,Undefined
as-cii,italy
as-cii,italy
as-cii,italy
damieng,united states
nathansobo,united states
kevinsawicki,united states
VIVEKLUCKY249,Undefined
VIVEKLUCKY249,Undefined
VIVEKLUCKY249,Undefined
liuderchi,taiwan
matthewwithanm,united states
as-cii,italy
matthewwithanm,united states
matthewwithanm,united states
krnowak,germany
BinaryMuse,united states
matthewwithanm,united states
matthewwithanm,united states
as-cii,italy
anatoli26,Undefined
damieng,united states
proggga,united states
50Wliu,Undefined
as-cii,italy
proggga,united states
imagentleman,colombia
as-cii,italy
matthewwithanm,united states
probonopd,germany
maxbrunsfeld,united states
nathansobo,united states
as-cii,italy
50Wliu,Undefined
maxbrunsfeld,united states
as-cii,italy
nathansobo,united states
1st1,canada
absynce,united states
maxbrunsfeld,united states
ungb,united states
ungb,united states
maxbrunsfeld,united states
50Wliu,Undefined
as-cii,italy
maxbrunsfeld,united states
quark-zju,Undefined
nathansobo,united states
nathansobo,united states
segevfiner,israel
maxbrunsfeld,united states
nathansobo,united states
nathansobo,united states
okonomiyaki3000,japan
nathansobo,united states
richardtin,taiwan
maxbrunsfeld,united states
nathansobo,united states
50Wliu,Undefined
nathansobo,united states
50Wliu,Undefined
as-cii,italy
hron,finland
lee-dohm,united states
damieng,united states
UziTech,united states
scooterman751,canada
graphfxorl,Undefined
Ingramz,Undefined
hron,finland
dirk-thomas,united states
pelegit,Undefined
BinaryMuse,united states
50Wliu,Undefined
as-cii,italy
kerryguard,united states
Down10,united states
Rawatzin,Undefined
damieng,united states
as-cii,italy
as-cii,italy
zertosh,united states
damieng,united states
pietro909,malta
iolsen,united states
nathansobo,united states
ghost,Undefined
damieng,united states
iolsen,united states
ryanpcmcquen,united states
biesmard,laos
simurai,japan
hron,finland
maxbrunsfeld,united states
damieng,united states
BinaryMuse,united states
nathansobo,united states
damieng,united states
damieng,united states
50Wliu,Undefined
Ingramz,Undefined
simurai,japan
50Wliu,Undefined
vjeux,united states
damieng,united states
nathansobo,united states
nathansobo,united states
foxmean,thailand
as-cii,italy
vovkasm,russia
shreyasminocha,Undefined
iolsen,united states
maxbrunsfeld,united states
nathansobo,united states
nathansobo,united states
ungb,united states
lugrace,Undefined
lee-dohm,united states
50Wliu,Undefined
maxbrunsfeld,united states
ecbrodie,canada
maxbrunsfeld,united states
damieng,united states
ggreif,Undefined
lee-dohm,united states
vjeux,united states
lee-dohm,united states
nathansobo,united states
BinaryMuse,united states
lee-dohm,united states
pedro-c,portugal
pedro-c,portugal
BinaryMuse,united states
maxbrunsfeld,united states
CodeMan99,united states
damieng,united states
50Wliu,Undefined
damieng,united states
damieng,united states
damieng,united states
damieng,united states
philwyett-hemi,Undefined
MatthiasWinkelmann,germany
portal-chan,Undefined
maxbrunsfeld,united states
joefitzgerald,united states
MoritzKn,germany
vjeux,united states
as-cii,italy
VIVEKLUCKY249,Undefined
as-cii,italy
TiagoDanin,Undefined
as-cii,italy
as-cii,italy
damieng,united states
matthewwithanm,united states
kevinsawicki,united states
maxbrunsfeld,united states
drewcassidy,united kingdom
50Wliu,Undefined
lee-dohm,united states
lgeiger,germany
joefitzgerald,united states
damieng,united states
damieng,united states
as-cii,italy
mattdangerw,Undefined
maxbrunsfeld,united states
as-cii,italy
as-cii,italy
akonwi,united states
GabMus,italy
ycai2,united states
ycai2,united states
vjeux,united states
damieng,united states
vjeux,united states
damieng,united states
damieng,united states
damieng,united states
damieng,united states
nathansobo,united states
nathansobo,united states
joefitzgerald,united states
maxbrunsfeld,united states
as-cii,italy
as-cii,italy
farnabaz,iran
joefitzgerald,united states
andrewwoz,Undefined
lakhera2014,Undefined
lee-dohm,united states
lee-dohm,united states
lee-dohm,united states
vjeux,united states
simurai,japan
damieng,united states
BinaryMuse,united states
nathansobo,united states
SahilC,pakistan
vgupta001,Undefined
mnquintana,united states
riedlem,Undefined
vilnitskiy,Undefined
BinaryMuse,united states
Ben3eeE,sweden
vjeux,united states
clewellEDU,Undefined
mattdangerw,Undefined
BinaryMuse,united states
maxbrunsfeld,united states
mukulkhandelwal,Undefined
lee-dohm,united states
damieng,united states
iyakimavets,Undefined
kevinsawicki,united states
mnquintana,united states
brittanym3578,Undefined
sam0s,united states
seusher,Undefined
damieng,united states
thaisdemoura,Undefined
steakknife,Undefined
hahaveryfun,united states
abe33,france
idleberg,italy
iolsen,united states
ghost,Undefined
jokosu10,indonesia
danielbayley,Undefined
flububb,Undefined
jasonjyu,Undefined
mnquintana,united states
thomasjo,norway
tadityar,singapore
ivernus,Undefined
nathansobo,united states
as-cii,italy
liuderchi,taiwan
nathansobo,united states
lin31504,Undefined
ghost,Undefined
jamsinclair,japan
Ben3eeE,sweden
iolsen,united states
missinformed,Undefined
damieng,united states
navickas12,Undefined
damieng,united states
maxbrunsfeld,united states
50Wliu,Undefined
50Wliu,Undefined
stereobooster,germany
as-cii,italy
as-cii,italy
stereobooster,germany
lgeiger,germany
PeterDaveHello,taiwan
lukecaputo,united states
nathansobo,united states
as-cii,italy
maxbrunsfeld,united states
matthewwithanm,united states
siddharthkhandelwal,Undefined
aayushitanwar,Undefined
damieng,united states
stevotennis,Undefined
maxbrunsfeld,united states
ambrosiora,Undefined
go4st,Undefined
Salzhaltig,Undefined
mikezawitkowski,Undefined
davidgiraldo77,Undefined
ChamathAri,Undefined
nikiking,canada
jakobamster,united states
yuxiangdai,canada
b-orlov,ukraine
hamzahsarwari,Undefined
Kipcarry,Undefined
Tom-the-Cat,Undefined
vedharish,india
JangaNA,united states
viemmsakh,Undefined
malexanderboyd,united states
maxbrunsfeld,united states
maxbrunsfeld,united states
maxbrunsfeld,united states
philschatz,united states
damieng,united states
amadorfreedompop,Undefined
50Wliu,Undefined
Remitar,Undefined
Hoogs88,Undefined
majicaster2,Undefined
stdfr33,Undefined
stdfr33,Undefined
stdfr33,Undefined
JurgensSmit,australia
sinmaker,Undefined
bizarrejelly5,Undefined
philschatz,united states
ahmetemir,Undefined
vedharish,india
Ingramz,Undefined
Ingramz,Undefined
stpdenis,Undefined
simurai,japan
TriforceOfKirby,united states
nathansobo,united states
nathansobo,united states
maxbrunsfeld,united states
nathansobo,united states
as-cii,italy
lgeiger,germany
Fank,germany
as-cii,italy
felixangell,united kingdom
nathansobo,united states
as-cii,italy
zacharyrankin,Undefined
Ingramz,Undefined
nathansobo,united states
thomasjo,norway
50Wliu,Undefined
maxbrunsfeld,united states
thomasjo,norway
matthewwithanm,united states
nathansobo,united states
nathansobo,united states
ghost,Undefined
ghost,Undefined
gutierri,Undefined
thomasjo,norway
Fank,germany
damieng,united states
as-cii,italy
as-cii,italy
damieng,united states
as-cii,italy
simurai,japan
as-cii,italy
markostar,Undefined
batrashubham,india
as-cii,italy
aqchin,Undefined
as-cii,italy
frantic1048,Undefined
as-cii,italy
lgeiger,germany
ablakely,united states
Ben3eeE,sweden
joefitzgerald,united states
hansonw,Undefined
joefitzgerald,united states
damieng,united states
as-cii,italy
as-cii,italy
as-cii,italy
matthewwithanm,united states
nathansobo,united states
as-cii,italy
yuanwhy,china
msafi,united states
nathansobo,united states
santagada,netherlands
as-cii,italy
as-cii,italy
maxbrunsfeld,united states
damieng,united states
simurai,japan
Rabi007,Undefined
mnquintana,united states
Jdesk,united states
50Wliu,Undefined
zertosh,united states
yuanwhy,china
lgeiger,germany
maxbrunsfeld,united states
maxbrunsfeld,united states
as-cii,italy
nathansobo,united states
matthewwithanm,united states
remexre,Undefined
maxbrunsfeld,united states
oggy,united states
VIVEKLUCKY249,Undefined
nathansobo,united states
nathansobo,united states
lazy-ninja,Undefined
damieng,united states
joefitzgerald,united states
nathansobo,united states
nathansobo,united states
as-cii,italy
as-cii,italy
maxbrunsfeld,united states
nathansobo,united states
maxbrunsfeld,united states
50Wliu,Undefined
as-cii,italy
nathansobo,united states
mnquintana,united states
mnquintana,united states
Zirro,sweden
nathansobo,united states
nathansobo,united states
Zirro,sweden
maxbrunsfeld,united states
maxbrunsfeld,united states
as-cii,italy
thomasjo,norway
maxbrunsfeld,united states
nathansobo,united states
maxbrunsfeld,united states
nathansobo,united states
Ingramz,Undefined
damieng,united states
maxbrunsfeld,united states
pbiggar,united states
as-cii,italy
mnquintana,united states
nathansobo,united states
as-cii,italy
nathansobo,united states
zertosh,united states
maxbrunsfeld,united states
nathansobo,united states
as-cii,italy
as-cii,italy
damieng,united states
ypresto,japan
nathansobo,united states
crazymykl,Undefined
nathansobo,united states
Ingramz,Undefined
as-cii,italy
50Wliu,Undefined
uhop,united states
Ingramz,Undefined
maxbrunsfeld,united states
maxbrunsfeld,united states
maxbrunsfeld,united states
thomasjo,norway
maxbrunsfeld,united states
as-cii,italy
maxbrunsfeld,united states
hungrygeek,Undefined
lee-dohm,united states
simurai,japan
pkgdemon,Undefined
maxbrunsfeld,united states
damieng,united states
kuychaco,united states
cgarvis,united states
kylesimmonds,Undefined
YemSalat,Undefined
ammarnajjar,germany
Glavin001,canada
as-cii,italy
simurai,japan
AshPriya,Undefined
simurai,japan
simurai,japan
damieng,united states
50Wliu,Undefined
fusion809,Undefined
damieng,united states
damieng,united states
ghost,Undefined
Jonahss,united states
ggreer,united states
michaelgmcd,united states
as-cii,italy
rahatarmanahmed,united states
leo,germany
williambout,united states
as-cii,italy
nathansobo,united states
damieng,united states
nathansobo,united states
lee-dohm,united states
lee-dohm,united states
Gawdl3y,Undefined
dabou,france
samhunta,united states
simurai,japan
50Wliu,Undefined
igor-dyatlov,russia
ssorallen,Undefined
drewchandler,united states
simurai,japan
damieng,united states
BinaryMuse,united states
BinaryMuse,united states
SadeghHayeri,Undefined
simurai,japan
as-cii,italy
simurai,japan
MikeInnes,united kingdom
as-cii,italy
simurai,japan
damieng,united states
as-cii,italy
as-cii,italy
as-cii,italy
drewmnoel,Undefined
ruthgrace,Undefined
ruthgrace,Undefined
joshaber,Undefined
ruthgrace,Undefined
neurosnap,united states
simurai,japan
lexicalunit,united states
as-cii,italy
Connormiha,Undefined
damieng,united states
brumm,Undefined
simurai,japan
as-cii,italy
as-cii,italy
damieng,united states
damieng,united states
stanfieldr,united states
dgm34,Undefined
lee-dohm,united states
thedaniel,Undefined
lope,Undefined
esubocz,Undefined
lee-dohm,united states
50Wliu,Undefined
joshaber,Undefined
tcyrus,united states
as-cii,italy
as-cii,italy
damieng,united states
joshaber,Undefined
joshaber,Undefined
BrainCrumbz,somalia
livelazily,china
50Wliu,Undefined
joshaber,Undefined
joshaber,Undefined
joshaber,Undefined
dav-ell,Undefined
rahatarmanahmed,united states
joshaber,Undefined
joshaber,Undefined
joshaber,Undefined
joshaber,Undefined
joshaber,Undefined
joshaber,Undefined
joshaber,Undefined
joshaber,Undefined
50Wliu,Undefined
damieng,united states
rldaggie,Undefined
lee-dohm,united states
joshaber,Undefined
ggreer,united states
BrainCrumbz,somalia
kuychaco,united states
damieng,united states
BrainCrumbz,somalia
rahatarmanahmed,united states
BinaryMuse,united states
50Wliu,Undefined
rldaggie,Undefined
wvanlint,Undefined
BinaryMuse,united states
BinaryMuse,united states
lee-dohm,united states
damieng,united states
kuychaco,united states
BinaryMuse,united states
50Wliu,Undefined
alazaro,Undefined
as-cii,italy
kuychaco,united states
damieng,united states
joefitzgerald,united states
nathansobo,united states
joshaber,Undefined
wvanlint,Undefined
colelawrence,united states
colelawrence,united states
nathansobo,united states
IanLee1521,united states
damieng,united states
joshaber,Undefined
50Wliu,Undefined
SEAPUNK,Undefined
BinaryMuse,united states
joshaber,Undefined
joshaber,Undefined
ypresto,japan
hellendag,united states
chriscasola,Undefined
BinaryMuse,united states
Fank,germany
50Wliu,Undefined
as-cii,italy
as-cii,italy
coliff,japan
joefitzgerald,united states
thomasjo,norway
as-cii,italy
as-cii,italy
as-cii,italy
clickthisnick,united states
joshaber,Undefined
lee-dohm,united states
joshaber,Undefined
as-cii,italy
coliff,japan
coliff,japan
coliff,japan
nathansobo,united states
nathansobo,united states
nathansobo,united states
joshaber,Undefined
as-cii,italy
jonmast,united states
joshaber,Undefined
joshaber,Undefined
simurai,japan
mhw,united kingdom
brentshermana,Undefined
ardhipoetra,netherlands
iivvoo,netherlands
as-cii,italy
damieng,united states
as-cii,italy
ypresto,japan
bolinfest,Undefined
fruchtose,Undefined
joshaber,Undefined
joshaber,Undefined
joshaber,Undefined
joshaber,Undefined
leobasilio,Undefined
lee-dohm,united states
drewmnoel,Undefined
lee-dohm,united states
simurai,japan
joshaber,Undefined
mehcode,united states
damieng,united states
joshaber,Undefined
rbottema,Undefined
andlrc,Undefined
alex-teren,Undefined
joshaber,Undefined
colelawrence,united states
a780201,Undefined
a780201,Undefined
wvanlint,Undefined
RodrigoEspinosa,uruguay
dirk-thomas,united states
RodrigoEspinosa,uruguay
joshaber,Undefined
nathansobo,united states
as-cii,italy
BinaryMuse,united states
lee-dohm,united states
damieng,united states
kuychaco,united states
kuychaco,united states
lee-dohm,united states
simurai,japan
nathansobo,united states
jrkoenig,Undefined
zakrid,Undefined
zakrid,Undefined
nathansobo,united states
joshaber,Undefined
nathansobo,united states
nathansobo,united states
kuychaco,united states
jonjitsu,canada
BinaryMuse,united states
BinaryMuse,united states
50Wliu,Undefined
oclbdk,Undefined
iolsen,united states
drewmnoel,Undefined
joshaber,Undefined
maxbrunsfeld,united states
b6pzeusbc54tvhw5jgpyw8pwz2x6gs,Undefined
kuychaco,united states
joshaber,Undefined
tomByrer,united states
joefitzgerald,united states
maxbrunsfeld,united states
chuckhendo,Undefined
maxbrunsfeld,united states
joshaber,Undefined
as-cii,italy
benogle,Undefined
thedaniel,Undefined
50Wliu,Undefined
maxbrunsfeld,united states
maxbrunsfeld,united states
maxbrunsfeld,united states
daxlab,india
as-cii,italy
wiggzz,united states
kuychaco,united states
damieng,united states
maxbrunsfeld,united states
kuychaco,united states
lee-dohm,united states
as-cii,italy
PaulAik,united kingdom
as-cii,italy
damieng,united states
dirk-thomas,united states
wvanlint,Undefined
maxbrunsfeld,united states
kuychaco,united states
joshaber,Undefined
ArnaudRinquin,Undefined
joshaber,Undefined
as-cii,italy
joshaber,Undefined
joshaber,Undefined
philharpoon,united kingdom
damieng,united states
arnav-gudibande,philippines
lee-dohm,united states
joshaber,Undefined
lee-dohm,united states
joshaber,Undefined
as-cii,italy
simurai,japan
bbenoist,Undefined
maxbrunsfeld,united states
maxbrunsfeld,united states
joshaber,Undefined
lee-dohm,united states
damieng,united states
joshaber,Undefined
natalieogle,united states
50Wliu,Undefined
kevinsawicki,united states
joshaber,Undefined
thedaniel,Undefined
kevinsawicki,united states
ArnaudRinquin,Undefined
joshaber,Undefined
as-cii,italy
joshaber,Undefined
joshaber,Undefined
philharpoon,united kingdom
damieng,united states
arnav-gudibande,philippines
lee-dohm,united states
joshaber,Undefined
lee-dohm,united states
joshaber,Undefined
as-cii,italy
simurai,japan
bbenoist,Undefined
maxbrunsfeld,united states
maxbrunsfeld,united states
joshaber,Undefined
lee-dohm,united states
damieng,united states
joshaber,Undefined
natalieogle,united states
50Wliu,Undefined
kevinsawicki,united states
joshaber,Undefined
thedaniel,Undefined
kevinsawicki,united states
kevinsawicki,united states
50Wliu,Undefined
Aakash1312,Undefined
n-riesco,Undefined
thedaniel,Undefined
thedaniel,Undefined
50Wliu,Undefined
kevinsawicki,united states
maxbrunsfeld,united states
kevinsawicki,united states
lee-dohm,united states
kevinsawicki,united states
kevinsawicki,united states
kevinsawicki,united states
jrkoenig,Undefined
as-cii,italy
kuychaco,united states
mnquintana,united states
maxbrunsfeld,united states
wvanlint,Undefined
dirk-thomas,united states
joshaber,Undefined
jrkoenig,Undefined
joshaber,Undefined
joefitzgerald,united states
joshaber,Undefined
bolinfest,Undefined
bolinfest,Undefined
joshaber,Undefined
pra85,Undefined
afandria,Undefined
joshaber,Undefined
casesandberg,united states
viatsko,sweden
50Wliu,Undefined
kuychaco,united states
maxbrunsfeld,united states
EarthSchlange,canada
chfritz,united states
maxbrunsfeld,united states
joshaber,Undefined
joshaber,Undefined
chfritz,united states
svanharmelen,Undefined
svanharmelen,Undefined
svanharmelen,Undefined
mnquintana,united states
mnquintana,united states
ypresto,japan
ericdai,china
thedaniel,Undefined
Tyriar,united states
mnquintana,united states
50Wliu,Undefined
50Wliu,Undefined
50Wliu,Undefined
lee-dohm,united states
lee-dohm,united states
joshaber,Undefined
raelyard,united states
kuychaco,united states
viatsko,sweden
as-cii,italy
as-cii,italy
as-cii,italy
mnquintana,united states
nathansobo,united states
wampiedriessen,Undefined
thisiskj,united states
leo,germany
joshaber,Undefined
joshaber,Undefined
usernamealreadyis,Undefined
joshaber,Undefined
joshaber,Undefined
usernamealreadyis,Undefined
usernamealreadyis,Undefined
danielbayley,Undefined
usernamealreadyis,Undefined
pimentel,Undefined
usernamealreadyis,Undefined
usernamealreadyis,Undefined
paulcbetts,united states
WelcometomyblogJoebravo,Undefined
usernamealreadyis,Undefined
usernamealreadyis,Undefined
kuychaco,united states
kuychaco,united states
sparanoid,Undefined
as-cii,italy
paradoxxxzero,france
maxbrunsfeld,united states
raelyard,united states
as-cii,italy
bengotow,Undefined
lee-dohm,united states
maxbrunsfeld,united states
ysakasin,Undefined
abe33,france
Areadrill,portugal
lee-dohm,united states
puls,united states
nathansobo,united states
nathansobo,united states
as-cii,italy
CentricStorm,Undefined
maxbrunsfeld,united states
svanharmelen,Undefined
as-cii,italy
scv119,united states
maxbrunsfeld,united states
nathansobo,united states
as-cii,italy
dirk-thomas,united states
nathansobo,united states
maxbrunsfeld,united states
as-cii,italy
g33z,Undefined
50Wliu,Undefined
thedaniel,Undefined
BrainCrumbz,somalia
nathansobo,united states
gzzhanghao,Undefined
g23-aw,Undefined
as-cii,italy
ssorallen,Undefined
raelyard,united states
as-cii,italy
as-cii,italy
as-cii,italy
maxbrunsfeld,united states
scv119,united states
dranzerashi,india
fscherwi,Undefined
fscherwi,Undefined
zeke,united states
joshaber,Undefined
DouweM,netherlands
g23-aw,Undefined
as-cii,italy
as-cii,italy
philschatz,united states
joshaber,Undefined
maxbrunsfeld,united states
maxbrunsfeld,united states
nathansobo,united states
nathansobo,united states
50Wliu,Undefined
50Wliu,Undefined
nathansobo,united states
nathansobo,united states
50Wliu,Undefined
thedaniel,Undefined
colllin,united states
DouweM,netherlands
izuzak,switzerland
50Wliu,Undefined
DouweM,netherlands
DouweM,netherlands
DouweM,netherlands
DouweM,netherlands
fscherwi,Undefined
50Wliu,Undefined
as-cii,italy
didrocks,Undefined
simurai,japan
as-cii,italy
efatsi,united states
joefitzgerald,united states
as-cii,italy
kevinsawicki,united states
Ingramz,Undefined
as-cii,italy
as-cii,italy
kevinsawicki,united states
aki77,japan
nathansobo,united states
50Wliu,Undefined
cakecatz,Undefined
joefitzgerald,united states
simurai,japan
joefitzgerald,united states
nathansobo,united states
joshaber,Undefined
thedaniel,Undefined
as-cii,italy
joshaber,Undefined
joshaber,Undefined
joshaber,Undefined
svanharmelen,Undefined
Michael-Thibault,Undefined
50Wliu,Undefined
maxbrunsfeld,united states
raelyard,united states
50Wliu,Undefined
nathansobo,united states
Calvein,france
kevinsawicki,united states
kevinsawicki,united states
kevinsawicki,united states
michael-k,germany
as-cii,italy
diogovazc,portugal
jasonjyu,Undefined
RobertoNovelo,mexico
RobertoNovelo,mexico
ssorallen,Undefined
joel-delong,united states
izuzak,switzerland
whyhellobradley,united states
as-cii,italy
yakirac,Undefined
ssorallen,Undefined
Level140,Undefined
Tyriar,united states
simurai,japan
thomasjo,norway
as-cii,italy
codingbelief,china
fazlearefin,australia
raelyard,united states
nathansobo,united states
maxbrunsfeld,united states
maxbrunsfeld,united states
joefitzgerald,united states
izuzak,switzerland
nathansobo,united states
nathansobo,united states
raelyard,united states
izuzak,switzerland
as-cii,italy
maxbrunsfeld,united states
maxbrunsfeld,united states
RosiersRobin,belgium
thedaniel,Undefined
ivoadf,Undefined
ivoadf,Undefined
alexchandel,Undefined
bolinfest,Undefined
ivoadf,Undefined
nathansobo,united states
50Wliu,Undefined
yants95,brazil
maxbrunsfeld,united states
maxbrunsfeld,united states
as-cii,italy
50Wliu,Undefined
50Wliu,Undefined
benogle,Undefined
as-cii,italy
50Wliu,Undefined
mrodalgaard,denmark
maxbrunsfeld,united states
nathansobo,united states
ForNeVeR,russia
ForNeVeR,russia
joseramonc,Undefined
thomasjo,norway
izuzak,switzerland
thanhrossi,Undefined
Aakash1312,Undefined
billybonks,singapore
as-cii,italy
fscherwi,Undefined
bsh314,spain
fscherwi,Undefined
nathansobo,united states
jordanbtucker,Undefined
oiaren,Undefined
ssorallen,Undefined
EasyHard,united states
EasyHard,united states
EasyHard,united states
jeremyramin,Undefined
pronichenk,Undefined
oiaren,Undefined
ivoadf,Undefined
oiaren,Undefined
KSXGitHub,Undefined
boogoobird,Undefined
as-cii,italy
maxbrunsfeld,united states
thomasjo,norway
nathansobo,united states
fscherwi,Undefined
50Wliu,Undefined
as-cii,italy
maxbrunsfeld,united states
ssorallen,Undefined
darwin,Undefined
kevinsawicki,united states
as-cii,italy
g2p,Undefined
bencolon,switzerland
bolinfest,Undefined
izuzak,switzerland
as-cii,italy
zcbenz,japan
ssorallen,Undefined
as-cii,italy
nathansobo,united states
as-cii,italy
hirk7788,Undefined
phord,Undefined
izuzak,switzerland
paulcbetts,united states
maxbrunsfeld,united states
nathansobo,united states
nathansobo,united states
kenju,Undefined
maxbrunsfeld,united states
izuzak,switzerland
scv119,united states
svanharmelen,Undefined
faustinoaq,panama
mnquintana,united states
maxbrunsfeld,united states
maxbrunsfeld,united states
as-cii,italy
svanharmelen,Undefined
thedaniel,Undefined
BrainCrumbz,somalia
maxbrunsfeld,united states
50Wliu,Undefined
as-cii,italy
BrainCrumbz,somalia
zcbenz,japan
mnquintana,united states
Ingramz,Undefined
BrainCrumbz,somalia
BrainCrumbz,somalia
maxbrunsfeld,united states
mnquintana,united states
as-cii,italy
scv119,united states
nathansobo,united states
Ingramz,Undefined
as-cii,italy
as-cii,italy
paulcbetts,united states
lierdakil,russia
kaitoy,Undefined
thomasjo,norway
nathansobo,united states
maxbrunsfeld,united states
fedorov,united states
maxbrunsfeld,united states
maxbrunsfeld,united states
lee-dohm,united states
maxbrunsfeld,united states
as-cii,italy
jeancroy,Undefined
fscherwi,Undefined
nathansobo,united states
nathansobo,united states
vjeux,united states
devoncarew,united states
nathansobo,united states
nathansobo,united states
aranajhonny,venezuela
aranajhonny,venezuela
ryanpcmcquen,united states
CosmicWebServices,Undefined
n-riesco,Undefined
simurai,japan
maxbrunsfeld,united states
lpommers,united states
kevinsawicki,united states
kevinsawicki,united states
bcoe,united states
darwin,Undefined
jacekkopecky,Undefined
jacekkopecky,Undefined
50Wliu,Undefined
nathansobo,united states
SantanMaddi,Undefined
50Wliu,Undefined
ryanpcmcquen,united states
nathansobo,united states
nathansobo,united states
shoelzle,Undefined
as-cii,italy
as-cii,italy
ssorallen,Undefined
nathansobo,united states
kevinsawicki,united states
maxbrunsfeld,united states
jacekkopecky,Undefined
as-cii,italy
fscherwi,Undefined
florianb,germany
jeremyramin,Undefined
jeremyramin,Undefined
thomasjo,norway
maxbrunsfeld,united states
natthu,united states
ssorallen,Undefined
maxbrunsfeld,united states
lpommers,united states
charleswhchan,canada
jeremyramin,Undefined
nathansobo,united states
lee-dohm,united states
izuzak,switzerland
as-cii,italy
mrodalgaard,denmark
nathansobo,united states
paulcbetts,united states
lee-dohm,united states
thomasjo,norway
as-cii,italy
maxbrunsfeld,united states
thomasjo,norway
jssln,Undefined
aranajhonny,venezuela
dsandstrom,united states
jonathandelgado,united states
theuves,brazil
nathansobo,united states
nathansobo,united states
mnquintana,united states
kevinsawicki,united states
benogle,Undefined
nathansobo,united states
nathansobo,united states
as-cii,italy
kevinsawicki,united states
nathansobo,united states
fusion809,Undefined
yomybaby,Undefined
nathansobo,united states
kevinsawicki,united states
kevinsawicki,united states
bolinfest,Undefined
bolinfest,Undefined
lpommers,united states
svanharmelen,Undefined
t9md,japan
benogle,Undefined
benogle,Undefined
izuzak,switzerland
nathansobo,united states
mnquintana,united states
simurai,japan
fscherwi,Undefined
Abdillah,Undefined
bolinfest,Undefined
mnquintana,united states
maxbrunsfeld,united states
paulcbetts,united states
svanharmelen,Undefined
50Wliu,Undefined
MaximSokolov,russia
mnquintana,united states
mnquintana,united states
mnquintana,united states
nathansobo,united states
maxbrunsfeld,united states
kevinsawicki,united states
nathansobo,united states
nathansobo,united states
tmunro,Undefined
benogle,Undefined
50Wliu,Undefined
nathansobo,united states
ssorallen,Undefined
ssorallen,Undefined
ssorallen,Undefined
nathansobo,united states
as-cii,italy
mnquintana,united states
batjko,Undefined
batjko,Undefined
as-cii,italy
50Wliu,Undefined
drewkett,Undefined
as-cii,italy
nathansobo,united states
smashwilson,Undefined
stanier,Undefined
MaximSokolov,russia
50Wliu,Undefined
benogle,Undefined
MaximSokolov,russia
50Wliu,Undefined
oggy,united states
maxbrunsfeld,united states
svanharmelen,Undefined
as-cii,italy
lpommers,united states
bolinfest,Undefined
bolinfest,Undefined
maxbrunsfeld,united states
jlord,united states
svanharmelen,Undefined
joefitzgerald,united states
bolinfest,Undefined
ryanpcmcquen,united states
mnquintana,united states
oggy,united states
simurai,japan
acontreras89,Undefined
nathansobo,united states
nathansobo,united states
as-cii,italy
thomasjo,norway
fb55,united kingdom
ryanpcmcquen,united states
oggy,united states
jimmydo,united states
rameshvarun,Undefined
bolinfest,Undefined
ghost,Undefined
ssorallen,Undefined
rameshvarun,Undefined
thomasjo,norway
kantorkel,germany
izuzak,switzerland
bolinfest,Undefined
dsandstrom,united states
svanharmelen,Undefined
mnquintana,united states
chinakids,Undefined
nathansobo,united states
thedaniel,Undefined
maxbrunsfeld,united states
nathansobo,united states
kevinsawicki,united states
nathansobo,united states
bkeepers,Undefined
nathansobo,united states
nathansobo,united states
kevinsawicki,united states
izuzak,switzerland
ssorallen,Undefined
as-cii,italy
TextAdventureKing,Undefined
maxbrunsfeld,united states
kevinsawicki,united states
kevinsawicki,united states
mnquintana,united states
as-cii,italy
izuzak,switzerland
einarmagnus,sweden
einarmagnus,sweden
Sticksman,Undefined
nounoursheureux,Undefined
mnquintana,united states
mnquintana,united states
jlord,united states
mnquintana,united states
nathansobo,united states
joefitzgerald,united states
nathansobo,united states
isghe,Undefined
nathansobo,united states
nathansobo,united states
mnquintana,united states
as-cii,italy
mnquintana,united states
viddo,united states
nathansobo,united states
mnquintana,united states
kevinsawicki,united states
nathansobo,united states
Njanderson,united states
ghost,Undefined
nounoursheureux,Undefined
rjattrill,australia
fusion809,Undefined
drewkett,Undefined
fstiewitz,Undefined
oggy,united states
blopker,Undefined
mnquintana,united states
nathansobo,united states
amayer5125,united states
izuzak,switzerland
liuxiong332,china
mnquintana,united states
nathansobo,united states
tony612,china
as-cii,italy
simurai,japan
kevinsawicki,united states
maxbrunsfeld,united states
as-cii,italy
mnquintana,united states
basarat,australia
aki77,japan
maxbrunsfeld,united states
mnquintana,united states
simurai,japan
lpommers,united states
maxbrunsfeld,united states
mnquintana,united states
mnquintana,united states
viddo,united states
ssorallen,Undefined
mnquintana,united states
maxbrunsfeld,united states
mnquintana,united states
lpommers,united states
herkyl,estonia
bolinfest,Undefined
kevinsawicki,united states
maxbrunsfeld,united states
kevinsawicki,united states
as-cii,italy
maxbrunsfeld,united states
verrazanof,Undefined
rmartin,united states
mnquintana,united states
nikhilofthesouth,united states
nathansobo,united states
nathansobo,united states
erfanio,australia
mnquintana,united states
50Wliu,Undefined
mnquintana,united states
thomasjo,norway
devoncarew,united states
jessegrosjean,united kingdom
jssln,Undefined
nathansobo,united states
maxbrunsfeld,united states
as-cii,italy
nathansobo,united states
kevinsawicki,united states
verrazanof,Undefined
as-cii,italy
jlord,united states
kevinsawicki,united states
mnquintana,united states
mnquintana,united states
thedaniel,Undefined
50Wliu,Undefined
ghost,Undefined
nathansobo,united states
kevinsawicki,united states
kevinsawicki,united states
50Wliu,Undefined
nathansobo,united states
kevinsawicki,united states
50Wliu,Undefined
lee-dohm,united states
prio101,bangladesh
maxbrunsfeld,united states
bolinfest,Undefined
kevinsawicki,united states
nathansobo,united states
benogle,Undefined
nathansobo,united states
mnquintana,united states
mnquintana,united states
nathansobo,united states
bolinfest,Undefined
maxbrunsfeld,united states
mostafaeweda,united states
maxbrunsfeld,united states
maxbrunsfeld,united states
mnquintana,united states
maxbrunsfeld,united states
mnquintana,united states
bolinfest,Undefined
akonwi,united states
mnquintana,united states
mnquintana,united states
mnquintana,united states
thomasjo,norway
mnquintana,united states
mnquintana,united states
50Wliu,Undefined
nathansobo,united states
mnquintana,united states
mnquintana,united states
nathansobo,united states
nathansobo,united states
kevinsawicki,united states
thekingofpython,Undefined
yodebu,india
maxbrunsfeld,united states
mostafaeweda,united states
50Wliu,Undefined
mnquintana,united states
kevinsawicki,united states
oclbdk,Undefined
mnquintana,united states
thomasjo,norway
mostafaeweda,united states
thomasjo,norway
svanharmelen,Undefined
maxbrunsfeld,united states
maxbrunsfeld,united states
svanharmelen,Undefined
andrewrothman,Undefined
maxbrunsfeld,united states
jssln,Undefined
paulcbetts,united states
bolinfest,Undefined
mnquintana,united states
maxbrunsfeld,united states
kevinsawicki,united states
nathansobo,united states
kevinsawicki,united states
izuzak,switzerland
jlord,united states
jlord,united states
jlord,united states
Azure-Agst,Undefined
kevinsawicki,united states
jhasse,germany
izuzak,switzerland
mnquintana,united states
as-cii,italy
benogle,Undefined
maxbrunsfeld,united states
izuzak,switzerland
maxbrunsfeld,united states
maxbrunsfeld,united states
dantaex,mexico
oclbdk,Undefined
dantaex,mexico
maxbrunsfeld,united states
mnquintana,united states
maxbrunsfeld,united states
jgebhardt,united states
jlord,united states
jgebhardt,united states
mnquintana,united states
jlord,united states
izuzak,switzerland
mnquintana,united states
jlord,united states
jlord,united states
LEDfan,Undefined
lee-dohm,united states
jlord,united states
benogle,Undefined
jssln,Undefined
simurai,japan
as-cii,italy
nathansobo,united states
kevinsawicki,united states
mnquintana,united states
cnd,Undefined
as-cii,italy
kevinsawicki,united states
mnquintana,united states
mnquintana,united states
lee-dohm,united states
izuzak,switzerland
izuzak,switzerland
tomoya,Undefined
mnquintana,united states
mnquintana,united states
pusateri,united states
bolinfest,Undefined
mnquintana,united states
mnquintana,united states
brettle,Undefined
kevinsawicki,united states
izuzak,switzerland
brettle,Undefined
kevinsawicki,united states
mnquintana,united states
bolinfest,Undefined
as-cii,italy
nathansobo,united states
kevinsawicki,united states
bolinfest,Undefined
Jonahss,united states
vvakame,japan
nathansobo,united states
ghost,Undefined
saschanaz,Undefined
jessegrosjean,united kingdom
kevinsawicki,united states
kevinsawicki,united states
benogle,Undefined
Seidr,Undefined
as-cii,italy
mnquintana,united states
kevinsawicki,united states
maxbrunsfeld,united states
furious,Undefined
kevinsawicki,united states
benogle,Undefined
kevinsawicki,united states
benogle,Undefined
as-cii,italy
MicahZoltu,united states
subesokun,Undefined
kevinsawicki,united states
maxbrunsfeld,united states
kevinsawicki,united states
kevinsawicki,united states
kevinsawicki,united states
kevinsawicki,united states
kevinsawicki,united states
maxbrunsfeld,united states
izuzak,switzerland
kevinsawicki,united states
maxbrunsfeld,united states
kevinsawicki,united states
jlord,united states
as-cii,italy
jussi-kalliokoski,finland
jussi-kalliokoski,finland
kevinsawicki,united states
maxbrunsfeld,united states
as-cii,italy
mnquintana,united states
lee-dohm,united states
as-cii,italy
jlord,united states
mertkahyaoglu,turkey
kevinsawicki,united states
jessegrosjean,united kingdom
mertkahyaoglu,turkey
zcbenz,japan
benogle,Undefined
jlord,united states
jlord,united states
benogle,Undefined
jessegrosjean,united kingdom
jlord,united states
jlord,united states
jlord,united states
jlord,united states
jlord,united states
maxbrunsfeld,united states
lukecaputo,united states
nathansobo,united states
kevinsawicki,united states
mnquintana,united states
kevinsawicki,united states
maxbrunsfeld,united states
kevinsawicki,united states
rossPatton,Undefined
ghost,Undefined
jlord,united states
jlord,united states
as-cii,italy
kevinsawicki,united states
bolinfest,Undefined
mathiasvr,denmark
jlord,united states
mathiasvr,denmark
ypresto,japan
lisongx,china
postcasio,Undefined
as-cii,italy
nathansobo,united states
nathansobo,united states
kevinsawicki,united states
as-cii,italy
zcbenz,japan
jlord,united states
basarat,australia
thedaniel,Undefined
kevinsawicki,united states
as-cii,italy
octref,Undefined
vegar,Undefined
kevinsawicki,united states
kevinsawicki,united states
olmokramer,netherlands
mnquintana,united states
maxbrunsfeld,united states
Bjoernsen,Undefined
as-cii,italy
as-cii,italy
nathansobo,united states
bolinfest,Undefined
schacon,united states
as-cii,italy
as-cii,italy
jlord,united states
gutierri,Undefined
liuxiong332,china
as-cii,italy
liuxiong332,china
basarat,australia
basarat,australia
basarat,australia
ghost,Undefined
zcbenz,japan
maxbrunsfeld,united states
kevinsawicki,united states
as-cii,italy
maxbrunsfeld,united states
jlord,united states
russlescai,australia
as-cii,italy
mostafaeweda,united states
bolinfest,Undefined
bolinfest,Undefined
kevinsawicki,united states
benogle,Undefined
izuzak,switzerland
bolinfest,Undefined
benogle,Undefined
dsandstrom,united states
mostafaeweda,united states
mnquintana,united states
izuzak,switzerland
nathansobo,united states
maxbrunsfeld,united states
as-cii,italy
as-cii,italy
jlord,united states
maxbrunsfeld,united states
jimgraham,Undefined
kevinsawicki,united states
as-cii,italy
thedaniel,Undefined
maxbrunsfeld,united states
maxbrunsfeld,united states
izuzak,switzerland
as-cii,italy
bolinfest,Undefined
bolinfest,Undefined
brixen,united states
sedabull,united states
jbrains,Undefined
as-cii,italy
ghost,Undefined
bolinfest,Undefined
batjko,Undefined
driskell,united kingdom
kevinsawicki,united states
maxbrunsfeld,united states
kevinsawicki,united states
nathansobo,united states
brendannee,united states
maxbrunsfeld,united states
izuzak,switzerland
a-moses,Undefined
maxbrunsfeld,united states
a-moses,Undefined
kittens,united states
postcasio,Undefined
as-cii,italy
silvenon,croatia
jeremy-engel,Undefined
bolinfest,Undefined
bolinfest,Undefined
bolinfest,Undefined
nathansobo,united states
bolinfest,Undefined
vpeil,Undefined
bolinfest,Undefined
kevinsawicki,united states
benogle,Undefined
nathansobo,united states
jessegrosjean,united kingdom
bolinfest,Undefined
bolinfest,Undefined
kevinsawicki,united states
kevinsawicki,united states
maxbrunsfeld,united states
outsideris,korea
Nadrieril,Undefined
izuzak,switzerland
h0dgep0dge,Undefined
50Wliu,Undefined
mattberkowitz,united states
as-cii,italy
mattberkowitz,united states
bolinfest,Undefined
bolinfest,Undefined
kevinsawicki,united states
izuzak,switzerland
sedabull,united states
thedaniel,Undefined
eestrada,united states
maxbrunsfeld,united states
eestrada,united states
eestrada,united states
as-cii,italy
eestrada,united states
kevinsawicki,united states
zcbenz,japan
lee-dohm,united states
lee-dohm,united states
JoeUX,united states
driskell,united kingdom
lee-dohm,united states
paulcbetts,united states
eestrada,united states
edgard,poland
xfq,Undefined
xfq,Undefined
xfq,Undefined
xfq,Undefined
xfq,Undefined
xfq,Undefined
simurai,japan
eestrada,united states
mnquintana,united states
ghost,Undefined
bolinfest,Undefined
nathansobo,united states
zcbenz,japan
benogle,Undefined
paulcbetts,united states
adzenith,Undefined
maxbrunsfeld,united states
thedaniel,Undefined
mnquintana,united states
zcbenz,japan
benogle,Undefined
maxbrunsfeld,united states
kevinsawicki,united states
jssln,Undefined
wyand,united states
maxbrunsfeld,united states
kevinsawicki,united states
kevinsawicki,united states
postcasio,Undefined
simurai,japan
braver,Undefined
avrahamruderman,united kingdom
nullstyle,nicaragua
rachelmyers,united states
benogle,Undefined
amayer5125,united states
kevinsawicki,united states
nathansobo,united states
dmnd,united states
adrianlee44,Undefined
maxbrunsfeld,united states
kevinsawicki,united states
tony612,china
simurai,japan
russlescai,australia
tony612,china
nathansobo,united states
thedaniel,Undefined
kant,Undefined
DinisCruz,united kingdom
lee-dohm,united states
kevinsawicki,united states
nathansobo,united states
nathansobo,united states
kevinsawicki,united states
postcasio,Undefined
kevinsawicki,united states
benogle,Undefined
danfuzz,Undefined
hakatashi,japan
SKAhack,japan
nathansobo,united states
lee-dohm,united states
lee-dohm,united states
lee-dohm,united states
grobe0ba,Undefined
maxbrunsfeld,united states
maxbrunsfeld,united states
simurai,japan
maxbrunsfeld,united states
nathansobo,united states
nathansobo,united states
maxbrunsfeld,united states
nathansobo,united states
ultramiraculous,united states
ultramiraculous,united states
maxbrunsfeld,united states
maxbrunsfeld,united states
maxbrunsfeld,united states
maxbrunsfeld,united states
Kangaroopower,Undefined
KINFOO,france
dsandstrom,united states
NerdDiffer,united states
alexandershov,Undefined
coreylindsey,bulgaria
benogle,Undefined
kevinsawicki,united states
ebayer,Undefined
maxbrunsfeld,united states
benogle,Undefined
benogle,Undefined
kevinsawicki,united states
maxbrunsfeld,united states
benogle,Undefined
oclbdk,Undefined
ardeshirj,united states
neojski,Undefined
zcbenz,japan
mnquintana,united states
nathansobo,united states
maxbrunsfeld,united states
kevinsawicki,united states
maxbrunsfeld,united states
nathansobo,united states
mark-hahn,Undefined
benogle,Undefined
maxbrunsfeld,united states
kevinsawicki,united states
maxbrunsfeld,united states
maxbrunsfeld,united states
andreicristianpetcu,romania
KamranMackey,canada
lee-dohm,united states
steelbrain,Undefined
dsandstrom,united states
maxbrunsfeld,united states
benogle,Undefined
nathansobo,united states
maxbrunsfeld,united states
ryanpcmcquen,united states
envygeeks,united states
benogle,Undefined
nathansobo,united states
dsandstrom,united states
maxbrunsfeld,united states
nathansobo,united states
me6iaton,russia
dsandstrom,united states
ghost,Undefined
maxbrunsfeld,united states
pwagland,Undefined
maxbrunsfeld,united states
nathansobo,united states
tsunamistate,Undefined
benogle,Undefined
maxbrunsfeld,united states
benogle,Undefined
nathansobo,united states
maxbrunsfeld,united states
m0x72,Undefined
yongkangchen,china
yongkangchen,china
benogle,Undefined
nathansobo,united states
nathansobo,united states
sadikovi,new zealand
nathansobo,united states
benogle,Undefined
kevinsawicki,united states
benogle,Undefined
kevinsawicki,united states
maxbrunsfeld,united states
maxbrunsfeld,united states
maxbrunsfeld,united states
benogle,Undefined
kevinsawicki,united states
nathansobo,united states
maxbrunsfeld,united states
benogle,Undefined
kevinsawicki,united states
benogle,Undefined
kevinsawicki,united states
stramel,Undefined
zcbenz,japan
benogle,Undefined
maxbrunsfeld,united states
kevinsawicki,united states
maxbrunsfeld,united states
kevinsawicki,united states
benogle,Undefined
nathansobo,united states
maxbrunsfeld,united states
AgentAntelope,united kingdom
kevinsawicki,united states
nathansobo,united states
maxbrunsfeld,united states
benogle,Undefined
nathansobo,united states
kevinsawicki,united states
benogle,Undefined
nathansobo,united states
maxbrunsfeld,united states
j-em,mexico
ardeshirj,united states
lee-dohm,united states
nathansobo,united states
maxbrunsfeld,united states
eddieantonio,canada
postcasio,Undefined
liuxiong332,china
philipgiuliani,italy
thedaniel,Undefined
maxbrunsfeld,united states
jpelgrom,netherlands
zcbenz,japan
benogle,Undefined
benogle,Undefined
benogle,Undefined
nathansobo,united states
kevinsawicki,united states
ardeshirj,united states
benogle,Undefined
benogle,Undefined
zcbenz,japan
kevinsawicki,united states
Bengt,Undefined
austenmc,Undefined
kevinsawicki,united states
nathansobo,united states
benogle,Undefined
nathansobo,united states
lee-dohm,united states
brunetton,france
ccoenen,germany
kevinsawicki,united states
avdv,germany
benogle,Undefined
nathansobo,united states
kevinsawicki,united states
jessfraz,Undefined
benogle,Undefined
kevinsawicki,united states
suda,venezuela
zcbenz,japan
benogle,Undefined
kevinsawicki,united states
benogle,Undefined
kevinsawicki,united states
fenuks,Undefined
nathansobo,united states
zcbenz,japan
kevinsawicki,united states
marceljar,canada
garethbjohnson,united kingdom
kevinsawicki,united states
benogle,Undefined
zigal,germany
benogle,Undefined
paulcbetts,united states
benogle,Undefined
nathansobo,united states
zigal,germany
zcbenz,japan
suda,venezuela
benogle,Undefined
paulcbetts,united states
DrPandemic,canada
benogle,Undefined
benogle,Undefined
matttbe,Undefined
er1x,spain
ardeshirj,united states
matkoniecz,poland
Maxhodges,japan
nathansobo,united states
kevinsawicki,united states
mlloreda,united states
russlescai,australia
thedaniel,Undefined
nathansobo,united states
russlescai,australia
targeter21,Undefined
paulcbetts,united states
russlescai,australia
nathansobo,united states
nathansobo,united states
benogle,Undefined
benogle,Undefined
nathansobo,united states
benogle,Undefined
zcbenz,japan
nathansobo,united states
nathansobo,united states
Owner-,Undefined
Owner-,Undefined
nathansobo,united states
benogle,Undefined
nathansobo,united states
nathansobo,united states
paulcbetts,united states
nathansobo,united states
kevinsawicki,united states
lee-dohm,united states
benogle,Undefined
nathansobo,united states
postcasio,Undefined
benogle,Undefined
benogle,Undefined
benogle,Undefined
benogle,Undefined
kevinsawicki,united states
nathansobo,united states
deiga,germany
benogle,Undefined
kevinsawicki,united states
jhasse,germany
benogle,Undefined
kevinsawicki,united states
kevinsawicki,united states
cjlux,Undefined
targeter21,Undefined
kevinsawicki,united states
benogle,Undefined
nathansobo,united states
cjlux,Undefined
Bengt,Undefined
kevinsawicki,united states
kevinsawicki,united states
benogle,Undefined
smashwilson,Undefined
benogle,Undefined
envygeeks,united states
benogle,Undefined
envygeeks,united states
zcbenz,japan
alandarev,Undefined
russlescai,australia
pinak,india
kevinsawicki,united states
nathansobo,united states
izuzak,switzerland
benogle,Undefined
kevinsawicki,united states
benogle,Undefined
nathansobo,united states
izuzak,switzerland
nathansobo,united states
kevinsawicki,united states
paulcbetts,united states
benogle,Undefined
benogle,Undefined
kevinsawicki,united states
nathansobo,united states
gwulfs,united states
izuzak,switzerland
benogle,Undefined
rteobaldo,Undefined
nathansobo,united states
robertmiles3,united states
syndbg,bulgaria
syndbg,bulgaria
izuzak,switzerland
kevinsawicki,united states
benogle,Undefined
nathansobo,united states
benogle,Undefined
kraffslol,Undefined
izuzak,switzerland
khakionion,japan
kevinsawicki,united states
nathansobo,united states
benogle,Undefined
aaronshaf,united states
nathansobo,united states
Zren,canada
ghost,Undefined
dmnd,united states
smashwilson,Undefined
dmnd,united states
couchand,Undefined
abahgat,new zealand
zcbenz,japan
enedil,poland
kevinsawicki,united states
tolmasky,united states
kevinsawicki,united states
benogle,Undefined
jhutchins,united states
zcbenz,japan
benogle,Undefined
kaiserfro,united states
benogle,Undefined
kevinsawicki,united states
pselibas,Undefined
kevinsawicki,united states
benogle,Undefined
kevinsawicki,united states
wernight,switzerland
dmnd,united states
luca-moser,switzerland
nathansobo,united states
zcbenz,japan
nshtg,germany
sryze,Undefined
dmnd,united states
dmnd,united states
lee-dohm,united states
johnamiahford,united states
Bengt,Undefined
nathansobo,united states
nathansobo,united states
benogle,Undefined
nshtg,germany
benogle,Undefined
benogle,Undefined
kevinsawicki,united states
nshtg,germany
zcbenz,japan
nathansobo,united states
dmnd,united states
dmnd,united states
Bengt,Undefined
marcbachmann,switzerland
ParkerK,united states
dmnd,united states
benogle,Undefined
nathansobo,united states
nathansobo,united states
ehuss,Undefined
dsandstrom,united states
dsandstrom,united states
MasseGuillaume,Undefined
benogle,Undefined
kube,Undefined
kevinsawicki,united states
zcbenz,japan
kevinsawicki,united states
czaks,Undefined
batjko,Undefined
dmnd,united states
bedna-KU,slovakia
Frozenfire92,Undefined
nathansobo,united states
thomasjo,norway
jordanbtucker,Undefined
nshtg,germany
thedaniel,Undefined
kevinsawicki,united states
izuzak,switzerland
kevinsawicki,united states
netroby,Undefined
nathansobo,united states
lee-dohm,united states
benogle,Undefined
benogle,Undefined
batjko,Undefined
benogle,Undefined
benogle,Undefined
atom-bot,united states
probablycorey,united states
kevinsawicki,united states
richizo,brazil
nshtg,germany
denieler,spain
thedaniel,Undefined
benogle,Undefined
kevinsawicki,united states
benogle,Undefined
nathansobo,united states
nathansobo,united states
yongkangchen,china
probablycorey,united states
nathansobo,united states
nathansobo,united states
nathansobo,united states
nathansobo,united states
nathansobo,united states
nathansobo,united states
mervekaya,Undefined
cihadturhan,turkey
Azeirah,netherlands
nathansobo,united states
benogle,Undefined
benogle,Undefined
kevinsawicki,united states
damccull,Undefined
nathansobo,united states
damccull,Undefined
benogle,Undefined
thedaniel,Undefined
nathansobo,united states
kevinsawicki,united states
nshtg,germany
benogle,Undefined
thedaniel,Undefined
nathansobo,united states
smashwilson,Undefined
nathansobo,united states
thedaniel,Undefined
battlemidget,united states
nathansobo,united states
probablycorey,united states
nathansobo,united states
benogle,Undefined
nathansobo,united states
benogle,Undefined
benogle,Undefined
nathansobo,united states
benogle,Undefined
nshtg,germany
Theswweet,Undefined
nathansobo,united states
nathansobo,united states
nathansobo,united states
nathansobo,united states
benogle,Undefined
nathansobo,united states
benogle,Undefined
kevinsawicki,united states
grenade,Undefined
benogle,Undefined
nathansobo,united states
Bengt,Undefined
benogle,Undefined
kevinsawicki,united states
nathansobo,united states
benogle,Undefined
kevinsawicki,united states
benogle,Undefined
benogle,Undefined
fstiewitz,Undefined
chalamarc,Undefined
fstiewitz,Undefined
kevinsawicki,united states
dhabyx,Undefined
kevinsawicki,united states
izuzak,switzerland
adnelson,united states
adnelson,united states
felixrabe,Undefined
Bengt,Undefined
philschatz,united states
kevinsawicki,united states
benogle,Undefined
probablycorey,united states
joliv,united states
benogle,Undefined
nathansobo,united states
izuzak,switzerland
jrsconfitto,united kingdom
lee-dohm,united states
philschatz,united states
benogle,Undefined
batjko,Undefined
nshtg,germany
ethers,Undefined
karlin,united states
radum,Undefined
strugee,Undefined
zcbenz,japan
probablycorey,united states
thedaniel,Undefined
wulftone,united states
philschatz,united states
onkrot,Undefined
benogle,Undefined
Bengt,Undefined
izuzak,switzerland
jrsconfitto,united kingdom
probablycorey,united states
izuzak,switzerland
p-e-w,Undefined
nathansobo,united states
nathansobo,united states
klorenz,Undefined
benogle,Undefined
benogle,Undefined
nathansobo,united states
kevinsawicki,united states
probablycorey,united states
jhonmike,Undefined
probablycorey,united states
jsomers,united states
envygeeks,united states
kevinsawicki,united states
probablycorey,united states
avdg,belgium
probablycorey,united states
benogle,Undefined
jingchan,Undefined
abe33,france
Gaelan,ghana
nshtg,germany
knightzero,Undefined
thomasjo,norway
nebulousdog,united states
nathansobo,united states
kevinsawicki,united states
phaedryx,united states
SeriousM,austria
Noah-Huppert,canada
ddavison,united states
nticaric,croatia
karlin,united states
nathansobo,united states
Noah-Huppert,canada
izuzak,switzerland
themaninthesuitcase,Undefined
CoolOppo,Undefined
jabr,united states
thedaniel,Undefined
probablycorey,united states
klorenz,Undefined
aaronraimist,Undefined
jrsconfitto,united kingdom
russoalberto,italy
kevinsawicki,united states
nathansobo,united states
mitchelldm,australia
rafaelsierra,Undefined
probablycorey,united states
nathansobo,united states
nathansobo,united states
holocronweaver,united states
nathansobo,united states
probablycorey,united states
mnpenner,canada
zelon,Undefined
matthewwithanm,united states
lee-dohm,united states
varesa,finland
pritambaral,Undefined
arandilopez,mexico
GeoffreyFrogeye,france
skardach,Undefined
pritambaral,Undefined
pritambaral,Undefined
HorizonShadow,Undefined
pritambaral,Undefined
nathansobo,united states
itsnauman,united states
flannelhead,finland
lee-dohm,united states
lee-dohm,united states
probablycorey,united states
hgasdvkajs,Undefined
cameronmcefee,united states
probablycorey,united states
nathansobo,united states
nathansobo,united states
holocronweaver,united states
nathansobo,united states
probablycorey,united states
mnpenner,canada
zelon,Undefined
matthewwithanm,united states
lee-dohm,united states
varesa,finland
pritambaral,Undefined
arandilopez,mexico
GeoffreyFrogeye,france
skardach,Undefined
pritambaral,Undefined
pritambaral,Undefined
HorizonShadow,Undefined
pritambaral,Undefined
nathansobo,united states
itsnauman,united states
flannelhead,finland
lee-dohm,united states
lee-dohm,united states
probablycorey,united states
hgasdvkajs,Undefined
cameronmcefee,united states
noxer,Undefined
a-m-s,Undefined
dyross,united states
pritambaral,Undefined
dcunited08,united states
hkdobrev,bulgaria
aureliojargas,Undefined
zcbenz,japan
jrsconfitto,united kingdom
gabsoftware,china
Locke23rus,finland
Locke23rus,finland
avdg,belgium
skardach,Undefined
steffengy,Undefined
teddybradford,united states
dyross,united states
alfredxing,canada
smashwilson,Undefined
aureliojargas,Undefined
aureliojargas,Undefined
erikhakansson,Undefined
aaronhalford,united states
DojoGeekRA,mexico
alfredxing,canada
execjosh,Undefined
sophearak,cambodia
ghost,Undefined
Someguy123,united kingdom
MScottBlake,united states
paulcbetts,united states
Locke23rus,finland
probablycorey,united states
kelunik,germany
probablycorey,united states
mizchi,Undefined
xcvd,Undefined
dertuxmalwieder,germany
captn3m0,india
lee-dohm,united states
paulcbetts,united states
DeltaKilo,russia
bradgearon,united states
igxactly,korea
AngelEzquerra,Undefined
Spice-King,Undefined
cameronmcefee,united states
probablycorey,united states
pborreli,morocco
vially,Undefined
cnd,Undefined
dpen2000,Undefined
JoeDailey,united states
mattbelland,united states
evinugur,Undefined
Ferk,Undefined
dsine-de,Undefined
batista,germany
csabiftw,Undefined
kelunik,germany
1ace,united kingdom
giodamelio,united states
dsine-de,Undefined
abe33,france
IonicaBizau,Undefined
IonicaBizau,Undefined
bogdan-kulynych,switzerland
IonicaBizau,Undefined
jbonhag,united states
qJake,Undefined
qJake,Undefined
tombh,Undefined
pierredup,south africa
aaronraimist,Undefined
0b10011,united states
probablycorey,united states
nathansobo,united states
kevinsawicki,united states
cameronmcefee,united states
kevinsawicki,united states
kevinsawicki,united states
kevinsawicki,united states
kevinsawicki,united states
kevinsawicki,united states
zcbenz,japan
kevinsawicki,united states
probablycorey,united states
probablycorey,united states
probablycorey,united states
nathansobo,united states
kevinsawicki,united states
kevinsawicki,united states
kevinsawicki,united states
kevinsawicki,united states
probablycorey,united states
probablycorey,united states
probablycorey,united states
nathansobo,united states
kevinsawicki,united states
kevinsawicki,united states
zcbenz,japan
probablycorey,united states
probablycorey,united states
probablycorey,united states
probablycorey,united states
kevinsawicki,united states
kevinsawicki,united states
kevinsawicki,united states
kevinsawicki,united states
probablycorey,united states
probablycorey,united states
zcbenz,japan
zcbenz,japan
kevinsawicki,united states
probablycorey,united states
nathansobo,united states
kevinsawicki,united states
probablycorey,united states
zcbenz,japan
Caged,united states
zcbenz,japan
zcbenz,japan
nathansobo,united states
nathansobo,united states
kevinsawicki,united states
nathansobo,united states
kevinsawicki,united states
thedaniel,Undefined
Caged,united states
zcbenz,japan
lstoll,united states
nathansobo,united states
probablycorey,united states
kevinsawicki,united states
probablycorey,united states
zcbenz,japan
zcbenz,japan
kevinsawicki,united states
izuzak,switzerland
probablycorey,united states
zcbenz,japan
probablycorey,united states
probablycorey,united states
nathansobo,united states
kevinsawicki,united states
ptoomey3,united states
zcbenz,japan
kevinsawicki,united states
probablycorey,united states
nathansobo,united states
kevinsawicki,united states
nathansobo,united states
probablycorey,united states
kevinsawicki,united states
izuzak,switzerland
nathansobo,united states
nathansobo,united states
zcbenz,japan
nathansobo,united states
benogle,Undefined
nathansobo,united states
nathansobo,united states
zcbenz,japan
gjtorikian,united states
thedaniel,Undefined
benogle,Undefined
nathansobo,united states
kevinsawicki,united states
zcbenz,japan
probablycorey,united states
nathansobo,united states
zcbenz,japan
kevinsawicki,united states
leereilly,united states
kevinsawicki,united states
probablycorey,united states
nathansobo,united states
kevinsawicki,united states
kevinsawicki,united states
nathansobo,united states
probablycorey,united states
probablycorey,united states
kevinsawicki,united states
kevinsawicki,united states
nathansobo,united states
kevinsawicki,united states
kevinsawicki,united states
kevinsawicki,united states
kevinsawicki,united states
kevinsawicki,united states
kevinsawicki,united states
zcbenz,japan
zcbenz,japan
probablycorey,united states
kevinsawicki,united states
kevinsawicki,united states
kevinsawicki,united states
zcbenz,japan
kevinsawicki,united states
probablycorey,united states
kevinsawicki,united states
kevinsawicki,united states
kevinsawicki,united states
kevinsawicki,united states
kevinsawicki,united states
probablycorey,united states
kevinsawicki,united states
zcbenz,japan
mojombo,united states
mojombo,united states
probablycorey,united states
kevinsawicki,united states
zcbenz,japan
kevinsawicki,united states
kevinsawicki,united states
kevinsawicki,united states
kevinsawicki,united states
nathansobo,united states
kevinsawicki,united states
probablycorey,united states
kevinsawicki,united states
probablycorey,united states
zcbenz,japan
jasonrudolph,united kingdom
nathansobo,united states
BinaryMuse,united states
kevinsawicki,united states
zcbenz,japan
zcbenz,japan
probablycorey,united states
zcbenz,japan
shama,united states
probablycorey,united states
nathansobo,united states
kevinsawicki,united states
BinaryMuse,united states
zcbenz,japan
nathansobo,united states
kevinsawicki,united states
kevinsawicki,united states
nathansobo,united states
kevinsawicki,united states
nathansobo,united states
kevinsawicki,united states
nathansobo,united states
nathansobo,united states
nathansobo,united states
nathansobo,united states
kevinsawicki,united states
nathansobo,united states
nathansobo,united states
kevinsawicki,united states
probablycorey,united states
kevinsawicki,united states
benogle,Undefined
probablycorey,united states
kevinsawicki,united states
probablycorey,united states
probablycorey,united states
nathansobo,united states
kevinsawicki,united states
kevinsawicki,united states
nathansobo,united states
probablycorey,united states
kevinsawicki,united states
probablycorey,united states
probablycorey,united states
kevinsawicki,united states
probablycorey,united states
nathansobo,united states
zcbenz,japan
jasonrudolph,united kingdom
benogle,Undefined
nathansobo,united states
mcolyer,united states
nathansobo,united states
probablycorey,united states
mcolyer,united states
nathansobo,united states
probablycorey,united states
kevinsawicki,united states
benogle,Undefined
kevinsawicki,united states
probablycorey,united states
shama,united states
benogle,Undefined
nathansobo,united states
nathansobo,united states
mcolyer,united states
benogle,Undefined
nathansobo,united states
nathansobo,united states
kevinsawicki,united states
nathansobo,united states
mcolyer,united states
nathansobo,united states
kevinsawicki,united states
kevinsawicki,united states
nathansobo,united states
kevinsawicki,united states
probablycorey,united states
nathansobo,united states
nathansobo,united states
thedaniel,Undefined
kevinsawicki,united states
nathansobo,united states
kevinsawicki,united states
kevinsawicki,united states
benogle,Undefined
kevinsawicki,united states
cameronmcefee,united states
shama,united states
zcbenz,japan
shama,united states
kevinsawicki,united states
zcbenz,japan
mattgraham,united states
zcbenz,japan
zcbenz,japan
kevinsawicki,united states
kevinsawicki,united states
mattgraham,united states
zcbenz,japan
probablycorey,united states
kevinsawicki,united states
probablycorey,united states
kevinsawicki,united states
benogle,Undefined
paulcbetts,united states
kevinsawicki,united states
kevinsawicki,united states
kevinsawicki,united states
kevinsawicki,united states
mcolyer,united states
kevinsawicki,united states
kevinsawicki,united states
kevinsawicki,united states
benogle,Undefined
kevinsawicki,united states
kevinsawicki,united states
paulcbetts,united states
mcolyer,united states
nathansobo,united states
probablycorey,united states
kevinsawicki,united states
mcolyer,united states
mcolyer,united states
probablycorey,united states
probablycorey,united states
mcolyer,united states
mcolyer,united states
mcolyer,united states
kevinsawicki,united states
mcolyer,united states
kevinsawicki,united states
zcbenz,japan
benogle,Undefined
nathansobo,united states
mcolyer,united states
kevinsawicki,united states
kevinsawicki,united states
zcbenz,japan
benogle,Undefined
kevinsawicki,united states
kevinsawicki,united states
thedaniel,Undefined
mcolyer,united states
kevinsawicki,united states
probablycorey,united states
kevinsawicki,united states
mcolyer,united states
mcolyer,united states
nathansobo,united states
kevinsawicki,united states
zcbenz,japan
benogle,Undefined
gjtorikian,united states
probablycorey,united states
kevinsawicki,united states
kevinsawicki,united states
probablycorey,united states
probablycorey,united states
mcolyer,united states
probablycorey,united states
kevinsawicki,united states
aroben,united states
kevinsawicki,united states
mcolyer,united states
kevinsawicki,united states
probablycorey,united states
mcolyer,united states
gjtorikian,united states
kevinsawicki,united states
zcbenz,japan
kevinsawicki,united states
zcbenz,japan
probablycorey,united states
mcolyer,united states
kevinsawicki,united states
kevinsawicki,united states
benogle,Undefined
mcolyer,united states
probablycorey,united states
benogle,Undefined
kevinsawicki,united states
kevinsawicki,united states
probablycorey,united states
kevinsawicki,united states
kevinsawicki,united states
kevinsawicki,united states
mcolyer,united states
paulcbetts,united states
kevinsawicki,united states
benogle,Undefined
mcolyer,united states
mcolyer,united states
mcolyer,united states
kevinsawicki,united states
zcbenz,japan
benogle,Undefined
benogle,Undefined
mcolyer,united states
mcolyer,united states
kevinsawicki,united states
benogle,Undefined
probablycorey,united states
kevinsawicki,united states
benogle,Undefined
gjtorikian,united states
gjtorikian,united states
mcolyer,united states
mcolyer,united states
kevinsawicki,united states
kevinsawicki,united states
nathansobo,united states
mcolyer,united states
mcolyer,united states
gjtorikian,united states
kevinsawicki,united states
kevinsawicki,united states
kevinsawicki,united states
benogle,Undefined
mcolyer,united states
probablycorey,united states
kevinsawicki,united states
benogle,Undefined
kevinsawicki,united states
zcbenz,japan
probablycorey,united states
benogle,Undefined
nathansobo,united states
kevinsawicki,united states
nathansobo,united states
kevinsawicki,united states
kevinsawicki,united states
kevinsawicki,united states
mcolyer,united states
benogle,Undefined
benogle,Undefined
kevinsawicki,united states
paulcbetts,united states
mcolyer,united states
kevinsawicki,united states
zcbenz,japan
probablycorey,united states
jasonrudolph,united kingdom
kevinsawicki,united states
probablycorey,united states
kevinsawicki,united states
zcbenz,japan
mcolyer,united states
benogle,Undefined
kevinsawicki,united states
zcbenz,japan
benogle,Undefined
benogle,Undefined
benogle,Undefined
benogle,Undefined
mcolyer,united states
benogle,Undefined
mcolyer,united states
gjtorikian,united states
kevinsawicki,united states
mcolyer,united states
zcbenz,japan
probablycorey,united states
mcolyer,united states
probablycorey,united states
kevinsawicki,united states
kevinsawicki,united states
kevinsawicki,united states
nathansobo,united states
benogle,Undefined
kevinsawicki,united states
kevinsawicki,united states
kevinsawicki,united states
jasonrudolph,united kingdom
kevinsawicki,united states
mcolyer,united states
probablycorey,united states
mcolyer,united states
kevinsawicki,united states
mcolyer,united states
nathansobo,united states
kevinsawicki,united states
mcolyer,united states
probablycorey,united states
probablycorey,united states
benogle,Undefined
mcolyer,united states
benogle,Undefined
mcolyer,united states
mcolyer,united states
probablycorey,united states
probablycorey,united states
benogle,Undefined
kevinsawicki,united states
mcolyer,united states
tnm,united states
tnm,united states
benogle,Undefined
benogle,Undefined
kevinsawicki,united states
kevinsawicki,united states
zcbenz,japan
mcolyer,united states
nathansobo,united states
nathansobo,united states
probablycorey,united states
benogle,Undefined
benogle,Undefined
benogle,Undefined
benogle,Undefined
benogle,Undefined
gjtorikian,united states
benogle,Undefined
benogle,Undefined
benogle,Undefined
benogle,Undefined
mcolyer,united states
benogle,Undefined
benogle,Undefined
kevinsawicki,united states
kevinsawicki,united states
gjtorikian,united states
probablycorey,united states
zcbenz,japan
probablycorey,united states
kevinsawicki,united states
kevinsawicki,united states
kevinsawicki,united states
kevinsawicki,united states
kevinsawicki,united states
kevinsawicki,united states
gjtorikian,united states
gjtorikian,united states
kevinsawicki,united states
nathansobo,united states
zcbenz,japan
gjtorikian,united states
kevinsawicki,united states
probablycorey,united states
nathansobo,united states
gjtorikian,united states
nathansobo,united states
kevinsawicki,united states
gjtorikian,united states
gjtorikian,united states
kevinsawicki,united states
nathansobo,united states
gjtorikian,united states
kevinsawicki,united states
nathansobo,united states
gjtorikian,united states
nathansobo,united states
zcbenz,japan
zcbenz,japan
nathansobo,united states
mutle,germany
zcbenz,japan
nathansobo,united states
zcbenz,japan
probablycorey,united states
gjtorikian,united states
mutle,germany
gjtorikian,united states
zcbenz,japan
mutle,germany
mutle,germany
nathansobo,united states
nathansobo,united states
mutle,germany
zcbenz,japan
jbarnette,united states
zcbenz,japan
mutle,germany
nathansobo,united states
nathansobo,united states
probablycorey,united states
jbarnette,united states
gjtorikian,united states
jbarnette,united states
mutle,germany
mutle,germany
mutle,germany
jbarnette,united states
jbarnette,united states
jbarnette,united states
gjtorikian,united states
nathansobo,united states
benburkert,Undefined
kevinsawicki,united states
kevinsawicki,united states
gjtorikian,united states
probablycorey,united states
Caged,united states
mutle,germany
aroben,united states
josh,united states
aroben,united states
maddox,australia
cameronmcefee,united states
probablycorey,united states
aroben,united states
mutle,germany
aroben,united states
aroben,united states
gjtorikian,united states
gjtorikian,united states
kevinsawicki,united states
kevinsawicki,united states
wfarr,united states
kevinsawicki,united states
aroben,united states
nathansobo,united states
mutle,germany
kevinsawicki,united states
aroben,united states
Caged,united states
nathansobo,united states
probablycorey,united states
Caged,united states
jonrohan,united states
defunkt,united states
Caged,united states
kevinsawicki,united states
Caged,united states
nathansobo,united states
kevinsawicki,united states
Caged,united states
nathansobo,united states
Caged,united states
nathansobo,united states
Caged,united states
Caged,united states
kevinsawicki,united states
Caged,united states
Caged,united states
mutle,germany
Caged,united states
Caged,united states
jonrohan,united states
Caged,united states
jonrohan,united states
Caged,united states
Caged,united states
Caged,united states
jonrohan,united states
jonrohan,united states
probablycorey,united states
Caged,united states
Caged,united states
probablycorey,united states
jonrohan,united states
Caged,united states
kevinsawicki,united states
defunkt,united states
jonrohan,united states
jonrohan,united states
kevinsawicki,united states
kevinsawicki,united states
nathansobo,united states
mutle,germany
probablycorey,united states
nathansobo,united states
gjtorikian,united states
kevinsawicki,united states
nakajima,united states
kevinsawicki,united states
jonrohan,united states
jonrohan,united states
derekgr,united states
adelcambre,united states
derekgr,united states
kevinsawicki,united states
nakajima,united states
derekgr,united states
wfarr,united states
kevinsawicki,united states
kevinsawicki,united states
kevinsawicki,united states
probablycorey,united states
nathansobo,united states
kevinsawicki,united states
jonrohan,united states
kevinsawicki,united states
jonrohan,united states
jonrohan,united states
jonrohan,united states
jonrohan,united states
jonrohan,united states
kevinsawicki,united states
mutle,germany
cobyism,united kingdom
probablycorey,united states
probablycorey,united states
nathansobo,united states
nathansobo,united states
nathansobo,united states
probablycorey,united states
wfarr,united states
wfarr,united states
nathansobo,united states
wfarr,united states
nathansobo,united states
kevinsawicki,united states
kevinsawicki,united states
nathansobo,united states
Caged,united states
probablycorey,united states
kevinsawicki,united states
kevinsawicki,united states
defunkt,united states
wfarr,united states
nathansobo,united states
kevinsawicki,united states
nathansobo,united states
wfarr,united states
wfarr,united states
kevinsawicki,united states
jbarnette,united states
kevinsawicki,united states
defunkt,united states
nathansobo,united states
kevinsawicki,united states
nathansobo,united states
probablycorey,united states
nathansobo,united states
nathansobo,united states
probablycorey,united states
nathansobo,united states
probablycorey,united states
nathansobo,united states
