garvankeeley,canada
justindarc,united states
garvankeeley,canada
garvankeeley,canada
garvankeeley,canada
justindarc,united states
garvankeeley,canada
garvankeeley,canada
justindarc,united states
justindarc,united states
justindarc,united states
justindarc,united states
justindarc,united states
isabelrios,blank field
isabelrios,blank field
cd-utd,blank field
cd-utd,blank field
cd-utd,blank field
cd-utd,blank field
garvankeeley,canada
justindarc,united states
justindarc,united states
garvankeeley,canada
garvankeeley,canada
garvankeeley,canada
garvankeeley,canada
garvankeeley,canada
SimonBasca,blank field
justindarc,united states
justindarc,united states
isabelrios,blank field
isabelrios,blank field
garvankeeley,canada
justindarc,united states
SimonBasca,blank field
garvankeeley,canada
garvankeeley,canada
justindarc,united states
garvankeeley,canada
justindarc,united states
justindarc,united states
garvankeeley,canada
garvankeeley,canada
garvankeeley,canada
justindarc,united states
garvankeeley,canada
isabelrios,blank field
garvankeeley,canada
garvankeeley,canada
garvankeeley,canada
isabelrios,blank field
isabelrios,blank field
garvankeeley,canada
justindarc,united states
garvankeeley,canada
SimonBasca,blank field
isabelrios,blank field
justindarc,united states
justindarc,united states
garvankeeley,canada
garvankeeley,canada
garvankeeley,canada
justindarc,united states
isabelrios,blank field
justindarc,united states
garvankeeley,canada
justindarc,united states
garvankeeley,canada
isabelrios,blank field
st3fan,canada
farhanpatel,blank field
farhanpatel,blank field
farhanpatel,blank field
garvankeeley,canada
justindarc,united states
justindarc,united states
garvankeeley,canada
garvankeeley,canada
farhanpatel,blank field
justindarc,united states
farhanpatel,blank field
garvankeeley,canada
isabelrios,blank field
garvankeeley,canada
garvankeeley,canada
garvankeeley,canada
garvankeeley,canada
npark-mozilla,canada
garvankeeley,canada
isabelrios,blank field
farhanpatel,blank field
justindarc,united states
garvankeeley,canada
farhanpatel,blank field
varun989,blank field
varun989,blank field
isabelrios,blank field
mrachamallu,blank field
farhanpatel,blank field
mrachamallu,blank field
justindarc,united states
varun989,blank field
isabelrios,blank field
farhanpatel,blank field
farhanpatel,blank field
farhanpatel,blank field
varun989,blank field
justindarc,united states
garvankeeley,canada
garvankeeley,canada
garvankeeley,canada
farhanpatel,blank field
garvankeeley,canada
justindarc,united states
garvankeeley,canada
garvankeeley,canada
garvankeeley,canada
isabelrios,blank field
yageek,switzerland
mrachamallu,blank field
justindarc,united states
isabelrios,blank field
garvankeeley,canada
farhanpatel,blank field
garvankeeley,canada
justindarc,united states
justindarc,united states
isabelrios,blank field
garvankeeley,canada
justindarc,united states
isabelrios,blank field
garvankeeley,canada
farhanpatel,blank field
justindarc,united states
tecgirl,united states
isabelrios,blank field
farhanpatel,blank field
justindarc,united states
isabelrios,blank field
garvankeeley,canada
isabelrios,blank field
isabelrios,blank field
garvankeeley,canada
farhanpatel,blank field
farhanpatel,blank field
garvankeeley,canada
garvankeeley,canada
farhanpatel,blank field
farhanpatel,blank field
m4riusz,poland
garvankeeley,canada
garvankeeley,canada
garvankeeley,canada
justindarc,united states
justindarc,united states
farhanpatel,blank field
garvankeeley,canada
justindarc,united states
justindarc,united states
garvankeeley,canada
justindarc,united states
farhanpatel,blank field
stancdam,blank field
garvankeeley,canada
garvankeeley,canada
eoger,canada
farhanpatel,blank field
garvankeeley,canada
garvankeeley,canada
garvankeeley,canada
garvankeeley,canada
garvankeeley,canada
justindarc,united states
justindarc,united states
stancdam,blank field
justindarc,united states
justindarc,united states
farhanpatel,blank field
justindarc,united states
justindarc,united states
stancdam,blank field
garvankeeley,canada
garvankeeley,canada
mrachamallu,blank field
garvankeeley,canada
stancdam,blank field
justindarc,united states
garvankeeley,canada
farhanpatel,blank field
farhanpatel,blank field
justindarc,united states
justindarc,united states
farhanpatel,blank field
justindarc,united states
garvankeeley,canada
isabelrios,blank field
isabelrios,blank field
justindarc,united states
isabelrios,blank field
isabelrios,blank field
maicoder,china
farhanpatel,blank field
garvankeeley,canada
justindarc,united states
farhanpatel,blank field
farhanpatel,blank field
farhanpatel,blank field
garvankeeley,canada
garvankeeley,canada
isabelrios,blank field
garvankeeley,canada
garvankeeley,canada
stancdam,blank field
Delphine,blank field
Delphine,blank field
isabelrios,blank field
farhanpatel,blank field
st3fan,canada
farhanpatel,blank field
farhanpatel,blank field
mrachamallu,blank field
justindarc,united states
farhanpatel,blank field
justindarc,united states
farhanpatel,blank field
mrachamallu,blank field
isabelrios,blank field
mrachamallu,blank field
justindarc,united states
isabelrios,blank field
farhanpatel,blank field
farhanpatel,blank field
isabelrios,blank field
AaronMT,canada
justindarc,united states
justindarc,united states
stancdam,blank field
justindarc,united states
farhanpatel,blank field
isabelrios,blank field
farhanpatel,blank field
garvankeeley,canada
garvankeeley,canada
garvankeeley,canada
justindarc,united states
AaronMT,canada
justindarc,united states
garvankeeley,canada
stancdam,blank field
farhanpatel,blank field
farhanpatel,blank field
isabelrios,blank field
isabelrios,blank field
isabelrios,blank field
justindarc,united states
stancdam,blank field
garvankeeley,canada
justindarc,united states
isabelrios,blank field
isabelrios,blank field
stancdam,blank field
atseng202,united states
mrachamallu,blank field
stancdam,blank field
garvankeeley,canada
AaronMT,canada
AaronMT,canada
stancdam,blank field
garvankeeley,canada
stancdam,blank field
farhanpatel,blank field
farhanpatel,blank field
joeyg,Undefined
mohit92,blank field
AaronMT,canada
garvankeeley,canada
isabelrios,blank field
isabelrios,blank field
farhanpatel,blank field
mrachamallu,blank field
mrachamallu,blank field
farhanpatel,blank field
isabelrios,blank field
farhanpatel,blank field
farhanpatel,blank field
mrachamallu,blank field
isabelrios,blank field
adamnemecek,united states
justindarc,united states
isabelrios,blank field
ornithocoder,germany
julienbodet,canada
isabelrios,blank field
garvankeeley,canada
isabelrios,blank field
mrachamallu,blank field
isabelrios,blank field
isabelrios,blank field
isabelrios,blank field
julienbodet,canada
mrachamallu,blank field
isabelrios,blank field
isabelrios,blank field
isabelrios,blank field
garvankeeley,canada
farhanpatel,blank field
isabelrios,blank field
mrachamallu,blank field
isabelrios,blank field
farhanpatel,blank field
mrachamallu,blank field
garvankeeley,canada
davehunt,united kingdom
isabelrios,blank field
garvankeeley,canada
isabelrios,blank field
isabelrios,blank field
garvankeeley,canada
isabelrios,blank field
isabelrios,blank field
isabelrios,blank field
justindarc,united states
garvankeeley,canada
garvankeeley,canada
justindarc,united states
isabelrios,blank field
garvankeeley,canada
garvankeeley,canada
davehunt,united kingdom
garvankeeley,canada
isabelrios,blank field
isabelrios,blank field
garvankeeley,canada
garvankeeley,canada
ExE-Boss,Undefined
carolkng,canada
isabelrios,blank field
farhanpatel,blank field
justindarc,united states
garvankeeley,canada
garvankeeley,canada
garvankeeley,canada
isabelrios,blank field
isabelrios,blank field
isabelrios,blank field
Delphine,blank field
Delphine,blank field
garvankeeley,canada
isabelrios,blank field
justindarc,united states
isabelrios,blank field
garvankeeley,canada
justindarc,united states
ericawright,blank field
farhanpatel,blank field
isabelrios,blank field
garvankeeley,canada
justindarc,united states
garvankeeley,canada
justindarc,united states
ericawright,blank field
garvankeeley,canada
farhanpatel,blank field
garvankeeley,canada
justindarc,united states
justindarc,united states
garvankeeley,canada
farhanpatel,blank field
farhanpatel,blank field
farhanpatel,blank field
farhanpatel,blank field
justindarc,united states
garvankeeley,canada
isabelrios,blank field
isabelrios,blank field
justindarc,united states
garvankeeley,canada
garvankeeley,canada
isabelrios,blank field
is2ei,japan
isabelrios,blank field
justindarc,united states
farhanpatel,blank field
ericawright,blank field
farhanpatel,blank field
justindarc,united states
garvankeeley,canada
davehunt,united kingdom
isabelrios,blank field
justindarc,united states
garvankeeley,canada
justindarc,united states
garvankeeley,canada
justindarc,united states
garvankeeley,canada
justindarc,united states
ericawright,blank field
isabelrios,blank field
isabelrios,blank field
isabelrios,blank field
isabelrios,blank field
isabelrios,blank field
justindarc,united states
justindarc,united states
justindarc,united states
farhanpatel,blank field
justindarc,united states
justindarc,united states
justindarc,united states
garvankeeley,canada
ericawright,blank field
justindarc,united states
garvankeeley,canada
ericawright,blank field
farhanpatel,blank field
farhanpatel,blank field
ericawright,blank field
garvankeeley,canada
justindarc,united states
justindarc,united states
justindarc,united states
farhanpatel,blank field
farhanpatel,blank field
justindarc,united states
farhanpatel,blank field
ericawright,blank field
garvankeeley,canada
garvankeeley,canada
isabelrios,blank field
garvankeeley,canada
garvankeeley,canada
justindarc,united states
farhanpatel,blank field
garvankeeley,canada
isabelrios,blank field
jacobwhite,blank field
justindarc,united states
garvankeeley,canada
isabelrios,blank field
farhanpatel,blank field
isabelrios,blank field
garvankeeley,canada
garvankeeley,canada
justindarc,united states
st3fan,canada
isabelrios,blank field
isabelrios,blank field
isabelrios,blank field
isabelrios,blank field
isabelrios,blank field
isabelrios,blank field
garvankeeley,canada
ericawright,blank field
farhanpatel,blank field
farhanpatel,blank field
justindarc,united states
justindarc,united states
blahgeek,china
justindarc,united states
farhanpatel,blank field
farhanpatel,blank field
justindarc,united states
farhanpatel,blank field
justindarc,united states
q2r5,blank field
garvankeeley,canada
justindarc,united states
farhanpatel,blank field
farhanpatel,blank field
farhanpatel,blank field
justindarc,united states
justindarc,united states
farhanpatel,blank field
justindarc,united states
isabelrios,blank field
farhanpatel,blank field
farhanpatel,blank field
farhanpatel,blank field
justindarc,united states
isabelrios,blank field
evgeniyd,blank field
jhonatasrm,blank field
jhonatasrm,blank field
justindarc,united states
garvankeeley,canada
justindarc,united states
isabelrios,blank field
farhanpatel,blank field
justindarc,united states
farhanpatel,blank field
garvankeeley,canada
isabelrios,blank field
stevemoser,united states
farhanpatel,blank field
justindarc,united states
isabelrios,blank field
rnewman,blank field
justindarc,united states
garvankeeley,canada
isabelrios,blank field
isabelrios,blank field
justindarc,united states
mkaply,united states
rnewman,blank field
isabelrios,blank field
isabelrios,blank field
garvankeeley,canada
justindarc,united states
justindarc,united states
isabelrios,blank field
isabelrios,blank field
justindarc,united states
justindarc,united states
justindarc,united states
isabelrios,blank field
farhanpatel,blank field
garvankeeley,canada
garvankeeley,canada
farhanpatel,blank field
isabelrios,blank field
isabelrios,blank field
jhugman,blank field
farhanpatel,blank field
justindarc,united states
justindarc,united states
farhanpatel,blank field
justindarc,united states
isabelrios,blank field
isabelrios,blank field
Delphine,blank field
Delphine,blank field
farhanpatel,blank field
garvankeeley,canada
justindarc,united states
isabelrios,blank field
st3fan,canada
st3fan,canada
justindarc,united states
garvankeeley,canada
justindarc,united states
farhanpatel,blank field
farhanpatel,blank field
garvankeeley,canada
farhanpatel,blank field
isabelrios,blank field
farhanpatel,blank field
garvankeeley,canada
garvankeeley,canada
justindarc,united states
isabelrios,blank field
farhanpatel,blank field
isabelrios,blank field
isabelrios,blank field
farhanpatel,blank field
farhanpatel,blank field
farhanpatel,blank field
farhanpatel,blank field
garvankeeley,canada
justindarc,united states
garvankeeley,canada
farhanpatel,blank field
justindarc,united states
garvankeeley,canada
garvankeeley,canada
garvankeeley,canada
farhanpatel,blank field
justindarc,united states
farhanpatel,blank field
ericawright,blank field
justindarc,united states
justindarc,united states
justindarc,united states
st3fan,canada
justindarc,united states
farhanpatel,blank field
st3fan,canada
justindarc,united states
st3fan,canada
st3fan,canada
jhugman,blank field
st3fan,canada
st3fan,canada
st3fan,canada
st3fan,canada
st3fan,canada
st3fan,canada
st3fan,canada
st3fan,canada
st3fan,canada
st3fan,canada
justindarc,united states
st3fan,canada
st3fan,canada
garvankeeley,canada
st3fan,canada
st3fan,canada
st3fan,canada
farhanpatel,blank field
justindarc,united states
jhugman,blank field
garvankeeley,canada
farhanpatel,blank field
farhanpatel,blank field
farhanpatel,blank field
justindarc,united states
justindarc,united states
jhugman,blank field
isabelrios,blank field
isabelrios,blank field
farhanpatel,blank field
justindarc,united states
justindarc,united states
jhugman,blank field
jhugman,blank field
justindarc,united states
justindarc,united states
justindarc,united states
isabelrios,blank field
farhanpatel,blank field
farhanpatel,blank field
farhanpatel,blank field
justindarc,united states
jhugman,blank field
isabelrios,blank field
isabelrios,blank field
justindarc,united states
isabelrios,blank field
farhanpatel,blank field
isabelrios,blank field
isabelrios,blank field
farhanpatel,blank field
farhanpatel,blank field
garvankeeley,canada
garvankeeley,canada
isabelrios,blank field
isabelrios,blank field
garvankeeley,canada
justindarc,united states
justindarc,united states
ersentekin,turkey
st3fan,canada
farhanpatel,blank field
isabelrios,blank field
isabelrios,blank field
jhugman,blank field
jhugman,blank field
garvankeeley,canada
isabelrios,blank field
farhanpatel,blank field
farhanpatel,blank field
farhanpatel,blank field
st3fan,canada
st3fan,canada
garvankeeley,canada
st3fan,canada
jhugman,blank field
isabelrios,blank field
garvankeeley,canada
farhanpatel,blank field
justindarc,united states
q2r5,blank field
garvankeeley,canada
justindarc,united states
justindarc,united states
isabelrios,blank field
isabelrios,blank field
vbudhram,united states
mkaply,united states
garvankeeley,canada
isabelrios,blank field
justindarc,united states
garvankeeley,canada
justindarc,united states
isabelrios,blank field
justindarc,united states
justindarc,united states
isabelrios,blank field
isabelrios,blank field
jhugman,blank field
justindarc,united states
garvankeeley,canada
justindarc,united states
jhugman,blank field
isabelrios,blank field
garvankeeley,canada
isabelrios,blank field
justindarc,united states
justindarc,united states
HornMichaelS,Undefined
isabelrios,blank field
isabelrios,blank field
isabelrios,blank field
garvankeeley,canada
st3fan,canada
justindarc,united states
st3fan,canada
justindarc,united states
justindarc,united states
garvankeeley,canada
garvankeeley,canada
farhanpatel,blank field
garvankeeley,canada
garvankeeley,canada
isabelrios,blank field
garvankeeley,canada
jhugman,blank field
isabelrios,blank field
eoger,canada
isabelrios,blank field
farhanpatel,blank field
npark-mozilla,canada
garvankeeley,canada
farhanpatel,blank field
adamnemecek,united states
adamnemecek,united states
npark-mozilla,canada
chuckSaldana,Undefined
npark-mozilla,canada
farhanpatel,blank field
farhanpatel,blank field
farhanpatel,blank field
adamnemecek,united states
adamnemecek,united states
farhanpatel,blank field
farhanpatel,blank field
garvankeeley,canada
rnewman,blank field
rnewman,blank field
isabelrios,blank field
isabelrios,blank field
Shanesun,china
gks,united states
isabelrios,blank field
isabelrios,blank field
justindarc,united states
jhonatasrm,blank field
justindarc,united states
justindarc,united states
isabelrios,blank field
isabelrios,blank field
justindarc,united states
justindarc,united states
justindarc,united states
farhanpatel,blank field
garvankeeley,canada
st3fan,canada
jhugman,blank field
garvankeeley,canada
mkaply,united states
isabelrios,blank field
farhanpatel,blank field
garvankeeley,canada
garvankeeley,canada
st3fan,canada
jhugman,blank field
isabelrios,blank field
isabelrios,blank field
farhanpatel,blank field
justindarc,united states
ianrahman,united states
lugearma,mexico
jhugman,blank field
isabelrios,blank field
isabelrios,blank field
rnewman,blank field
garvankeeley,canada
adamnemecek,united states
farhanpatel,blank field
garvankeeley,canada
garvankeeley,canada
garvankeeley,canada
garvankeeley,canada
garvankeeley,canada
isabelrios,blank field
farhanpatel,blank field
isabelrios,blank field
st3fan,canada
npark-mozilla,canada
farhanpatel,blank field
farhanpatel,blank field
farhanpatel,blank field
eoger,canada
garvankeeley,canada
ColdGrub1384,blank field
garvankeeley,canada
jhonatasrm,blank field
adamnemecek,united states
garvankeeley,canada
garvankeeley,canada
adamnemecek,united states
garvankeeley,canada
jhonatasrm,blank field
jhugman,blank field
garvankeeley,canada
eoger,canada
isabelrios,blank field
jhugman,blank field
npark-mozilla,canada
jhonatasrm,blank field
isabelrios,blank field
vbudhram,united states
farhanpatel,blank field
justindarc,united states
justindarc,united states
st3fan,canada
jhugman,blank field
isabelrios,blank field
isabelrios,blank field
justindarc,united states
garvankeeley,canada
isabelrios,blank field
jhonatasrm,blank field
rnewman,blank field
justindarc,united states
garvankeeley,canada
justindarc,united states
rnewman,blank field
mkaply,united states
isabelrios,blank field
npark-mozilla,canada
farhanpatel,blank field
farhanpatel,blank field
thomcc,united states
jhugman,blank field
thomcc,united states
garvankeeley,canada
isabelrios,blank field
ssavinel,france
justindarc,united states
garvankeeley,canada
justindarc,united states
vbudhram,united states
isabelrios,blank field
st3fan,canada
st3fan,canada
justindarc,united states
farhanpatel,blank field
garvankeeley,canada
farhanpatel,blank field
garvankeeley,canada
jhugman,blank field
farhanpatel,blank field
npark-mozilla,canada
farhanpatel,blank field
farhanpatel,blank field
farhanpatel,blank field
garvankeeley,canada
jhugman,blank field
isabelrios,blank field
isabelrios,blank field
farhanpatel,blank field
justindarc,united states
npark-mozilla,canada
st3fan,canada
jhugman,blank field
garvankeeley,canada
Delphine,blank field
Delphine,blank field
jhugman,blank field
justindarc,united states
st3fan,canada
farhanpatel,blank field
farhanpatel,blank field
ugarlapati,blank field
justindarc,united states
rnewman,blank field
kesun421,united states
garvankeeley,canada
farhanpatel,blank field
isabelrios,blank field
ugarlapati,blank field
justindarc,united states
justindarc,united states
kesun421,united states
farhanpatel,blank field
npark-mozilla,canada
farhanpatel,blank field
justindarc,united states
npark-mozilla,canada
garvankeeley,canada
isabelrios,blank field
vbudhram,united states
justindarc,united states
isabelrios,blank field
farhanpatel,blank field
npark-mozilla,canada
garvankeeley,canada
justindarc,united states
farhanpatel,blank field
ugarlapati,blank field
st3fan,canada
justindarc,united states
garvankeeley,canada
garvankeeley,canada
st3fan,canada
isabelrios,blank field
isabelrios,blank field
vbudhram,united states
vbudhram,united states
farhanpatel,blank field
garvankeeley,canada
garvankeeley,canada
justindarc,united states
farhanpatel,blank field
garvankeeley,canada
justindarc,united states
ugarlapati,blank field
kusumotoa,blank field
farhanpatel,blank field
ugarlapati,blank field
farhanpatel,blank field
farhanpatel,blank field
eoger,canada
kusumotoa,blank field
justindarc,united states
kusumotoa,blank field
isabelrios,blank field
farhanpatel,blank field
farhanpatel,blank field
garvankeeley,canada
npark-mozilla,canada
farhanpatel,blank field
farhanpatel,blank field
ugarlapati,blank field
justindarc,united states
joeyg,Undefined
joeyg,Undefined
justindarc,united states
rnewman,blank field
npark-mozilla,canada
farhanpatel,blank field
justindarc,united states
eoger,canada
Bunn,Undefined
garvankeeley,canada
farhanpatel,blank field
garvankeeley,canada
farhanpatel,blank field
farhanpatel,blank field
isabelrios,blank field
st3fan,canada
isabelrios,blank field
npark-mozilla,canada
justindarc,united states
isabelrios,blank field
st3fan,canada
Bunn,Undefined
justindarc,united states
garvankeeley,canada
isabelrios,blank field
q2r5,blank field
isabelrios,blank field
isabelrios,blank field
justindarc,united states
farhanpatel,blank field
joeyg,Undefined
farhanpatel,blank field
farhanpatel,blank field
garvankeeley,canada
isabelrios,blank field
isabelrios,blank field
q2r5,blank field
joeyg,Undefined
farhanpatel,blank field
jhugman,blank field
garvankeeley,canada
justindarc,united states
farhanpatel,blank field
st3fan,canada
st3fan,canada
ugarlapati,blank field
isabelrios,blank field
farhanpatel,blank field
farhanpatel,blank field
farhanpatel,blank field
garvankeeley,canada
st3fan,canada
vbudhram,united states
st3fan,canada
st3fan,canada
st3fan,canada
st3fan,canada
eoger,canada
farhanpatel,blank field
garvankeeley,canada
st3fan,canada
justindarc,united states
jhugman,blank field
farhanpatel,blank field
farhanpatel,blank field
joeyg,Undefined
garvankeeley,canada
garvankeeley,canada
farhanpatel,blank field
justindarc,united states
joeyg,Undefined
farhanpatel,blank field
farhanpatel,blank field
garvankeeley,canada
jhugman,blank field
farhanpatel,blank field
joeyg,Undefined
garvankeeley,canada
st3fan,canada
jhugman,blank field
farhanpatel,blank field
farhanpatel,blank field
farhanpatel,blank field
garvankeeley,canada
farhanpatel,blank field
vbudhram,united states
farhanpatel,blank field
st3fan,canada
farhanpatel,blank field
farhanpatel,blank field
garvankeeley,canada
npark-mozilla,canada
garvankeeley,canada
jhugman,blank field
garvankeeley,canada
ugarlapati,blank field
eoger,canada
farhanpatel,blank field
jhugman,blank field
farhanpatel,blank field
jhugman,blank field
joeyg,Undefined
garvankeeley,canada
justindarc,united states
jhugman,blank field
st3fan,canada
jhugman,blank field
farhanpatel,blank field
farhanpatel,blank field
st3fan,canada
farhanpatel,blank field
farhanpatel,blank field
ugarlapati,blank field
farhanpatel,blank field
jhugman,blank field
farhanpatel,blank field
st3fan,canada
jhugman,blank field
farhanpatel,blank field
farhanpatel,blank field
farhanpatel,blank field
farhanpatel,blank field
farhanpatel,blank field
jhugman,blank field
farhanpatel,blank field
garvankeeley,canada
garvankeeley,canada
justindarc,united states
garvankeeley,canada
farhanpatel,blank field
st3fan,canada
farhanpatel,blank field
vbudhram,united states
farhanpatel,blank field
jhugman,blank field
vbudhram,united states
rnewman,blank field
rnewman,blank field
rnewman,blank field
jhugman,blank field
jhugman,blank field
farhanpatel,blank field
justindarc,united states
vbudhram,united states
farhanpatel,blank field
ncalexan,blank field
jhugman,blank field
farhanpatel,blank field
jhugman,blank field
jhugman,blank field
farhanpatel,blank field
farhanpatel,blank field
garvankeeley,canada
ugarlapati,blank field
npark-mozilla,canada
farhanpatel,blank field
garvankeeley,canada
farhanpatel,blank field
garvankeeley,canada
farhanpatel,blank field
garvankeeley,canada
jhugman,blank field
garvankeeley,canada
st3fan,canada
jhugman,blank field
farhanpatel,blank field
farhanpatel,blank field
flodolo,Undefined
farhanpatel,blank field
garvankeeley,canada
farhanpatel,blank field
farhanpatel,blank field
farhanpatel,blank field
eoger,canada
farhanpatel,blank field
farhanpatel,blank field
farhanpatel,blank field
vbudhram,united states
ugarlapati,blank field
garvankeeley,canada
st3fan,canada
jhugman,blank field
jhugman,blank field
garvankeeley,canada
garvankeeley,canada
jhugman,blank field
garvankeeley,canada
garvankeeley,canada
st3fan,canada
st3fan,canada
garvankeeley,canada
garvankeeley,canada
garvankeeley,canada
ugarlapati,blank field
st3fan,canada
st3fan,canada
npark-mozilla,canada
farhanpatel,blank field
justindarc,united states
st3fan,canada
garvankeeley,canada
joeyg,Undefined
vbudhram,united states
npark-mozilla,canada
rnewman,blank field
st3fan,canada
justindarc,united states
st3fan,canada
farhanpatel,blank field
farhanpatel,blank field
jhugman,blank field
jhugman,blank field
garvankeeley,canada
farhanpatel,blank field
justindarc,united states
garvankeeley,canada
jhugman,blank field
garvankeeley,canada
garvankeeley,canada
garvankeeley,canada
joeyg,Undefined
farhanpatel,blank field
ugarlapati,blank field
jhugman,blank field
garvankeeley,canada
farhanpatel,blank field
farhanpatel,blank field
farhanpatel,blank field
ugarlapati,blank field
justindarc,united states
garvankeeley,canada
garvankeeley,canada
garvankeeley,canada
bkmunar,blank field
bkmunar,blank field
farhanpatel,blank field
farhanpatel,blank field
farhanpatel,blank field
justindarc,united states
farhanpatel,blank field
garvankeeley,canada
garvankeeley,canada
st3fan,canada
st3fan,canada
st3fan,canada
st3fan,canada
npark-mozilla,canada
farhanpatel,blank field
farhanpatel,blank field
vbudhram,united states
garvankeeley,canada
st3fan,canada
justindarc,united states
farhanpatel,blank field
st3fan,canada
bkmunar,blank field
q2r5,blank field
st3fan,canada
justindarc,united states
garvankeeley,canada
bkmunar,blank field
bkmunar,blank field
garvankeeley,canada
bkmunar,blank field
jhugman,blank field
jhugman,blank field
vbudhram,united states
galileioo,Undefined
st3fan,canada
farhanpatel,blank field
jhugman,blank field
ugarlapati,blank field
jessicajiang,philippines
farhanpatel,blank field
st3fan,canada
farhanpatel,blank field
npark-mozilla,canada
jhugman,blank field
jessicajiang,philippines
jessicajiang,philippines
garvankeeley,canada
st3fan,canada
st3fan,canada
vbudhram,united states
garvankeeley,canada
ugarlapati,blank field
vbudhram,united states
jhugman,blank field
Sdaswani,blank field
jessicajiang,philippines
justindarc,united states
eoger,canada
eoger,canada
garvankeeley,canada
garvankeeley,canada
st3fan,canada
st3fan,canada
joeyg,Undefined
bkmunar,blank field
jhugman,blank field
jhugman,blank field
garvankeeley,canada
justindarc,united states
bkmunar,blank field
eoger,canada
st3fan,canada
bkmunar,blank field
st3fan,canada
garvankeeley,canada
st3fan,canada
st3fan,canada
rnewman,blank field
jhugman,blank field
jhugman,blank field
jhugman,blank field
bkmunar,blank field
vbudhram,united states
shorlander,united states
st3fan,canada
eoger,canada
vbudhram,united states
st3fan,canada
farhanpatel,blank field
rnewman,blank field
garvankeeley,canada
jhugman,blank field
farhanpatel,blank field
st3fan,canada
jhugman,blank field
garvankeeley,canada
garvankeeley,canada
ugarlapati,blank field
st3fan,canada
farhanpatel,blank field
farhanpatel,blank field
bkmunar,blank field
st3fan,canada
rnewman,blank field
farhanpatel,blank field
npark-mozilla,canada
farhanpatel,blank field
eoger,canada
ugarlapati,blank field
vbudhram,united states
npark-mozilla,canada
vbudhram,united states
npark-mozilla,canada
ugarlapati,blank field
st3fan,canada
ugarlapati,blank field
farhanpatel,blank field
ugarlapati,blank field
farhanpatel,blank field
st3fan,canada
rnewman,blank field
Sdaswani,blank field
ugarlapati,blank field
farhanpatel,blank field
npark-mozilla,canada
shorlander,united states
st3fan,canada
st3fan,canada
justindarc,united states
justindarc,united states
rnewman,blank field
justindarc,united states
AaronMT,canada
st3fan,canada
justindarc,united states
justindarc,united states
farhanpatel,blank field
vbudhram,united states
garvankeeley,canada
justindarc,united states
vladikoff,Undefined
garvankeeley,canada
farhanpatel,blank field
st3fan,canada
jhugman,blank field
garvankeeley,canada
st3fan,canada
garvankeeley,canada
farhanpatel,blank field
farhanpatel,blank field
garvankeeley,canada
garvankeeley,canada
justindarc,united states
jessicajiang,philippines
farhanpatel,blank field
garvankeeley,canada
farhanpatel,blank field
bkmunar,blank field
justindarc,united states
garvankeeley,canada
Delphine,blank field
Delphine,blank field
eoger,canada
eoger,canada
jhugman,blank field
farhanpatel,blank field
justindarc,united states
farhanpatel,blank field
bkmunar,blank field
farhanpatel,blank field
st3fan,canada
st3fan,canada
Sdaswani,blank field
justindarc,united states
st3fan,canada
st3fan,canada
justindarc,united states
st3fan,canada
jessicajiang,philippines
jhugman,blank field
st3fan,canada
justindarc,united states
st3fan,canada
farhanpatel,blank field
farhanpatel,blank field
ugarlapati,blank field
npark-mozilla,canada
st3fan,canada
st3fan,canada
farhanpatel,blank field
jhugman,blank field
farhanpatel,blank field
farhanpatel,blank field
farhanpatel,blank field
farhanpatel,blank field
st3fan,canada
rnewman,blank field
st3fan,canada
ugarlapati,blank field
jhugman,blank field
npark-mozilla,canada
ugarlapati,blank field
ugarlapati,blank field
asbhat,Undefined
Colemalban,blank field
bereket6725,united states
bereket6725,united states
jhugman,blank field
jhugman,blank field
jhugman,blank field
farhanpatel,blank field
farhanpatel,blank field
jhugman,blank field
npark-mozilla,canada
ugarlapati,blank field
justindarc,united states
farhanpatel,blank field
ugarlapati,blank field
justindarc,united states
jhugman,blank field
ugarlapati,blank field
ugarlapati,blank field
vbudhram,united states
st3fan,canada
st3fan,canada
Sdaswani,blank field
bkmunar,blank field
npark-mozilla,canada
farhanpatel,blank field
bkmunar,blank field
st3fan,canada
jhugman,blank field
jhugman,blank field
farhanpatel,blank field
jhugman,blank field
st3fan,canada
jhugman,blank field
npark-mozilla,canada
farhanpatel,blank field
farhanpatel,blank field
farhanpatel,blank field
farhanpatel,blank field
st3fan,canada
farhanpatel,blank field
justindarc,united states
st3fan,canada
Sdaswani,blank field
bkmunar,blank field
grigoryk,canada
farhanpatel,blank field
bkmunar,blank field
justindarc,united states
bkmunar,blank field
st3fan,canada
farhanpatel,blank field
justindarc,united states
npark-mozilla,canada
farhanpatel,blank field
justindarc,united states
jhugman,blank field
mauryat,united states
lemonYLX,blank field
farhanpatel,blank field
farhanpatel,blank field
bkmunar,blank field
bkmunar,blank field
ugarlapati,blank field
farhanpatel,blank field
justindarc,united states
bkmunar,blank field
justindarc,united states
sleroux,canada
farhanpatel,blank field
justindarc,united states
sleroux,canada
bkmunar,blank field
st3fan,canada
justindarc,united states
st3fan,canada
st3fan,canada
bkmunar,blank field
jhugman,blank field
bkmunar,blank field
sleroux,canada
sleroux,canada
bkmunar,blank field
farhanpatel,blank field
bkmunar,blank field
farhanpatel,blank field
jhugman,blank field
farhanpatel,blank field
farhanpatel,blank field
farhanpatel,blank field
sleroux,canada
st3fan,canada
justindarc,united states
Sdaswani,blank field
st3fan,canada
sleroux,canada
vbudhram,united states
farhanpatel,blank field
rnewman,blank field
justindarc,united states
jhugman,blank field
st3fan,canada
kaar3k,india
farhanpatel,blank field
farhanpatel,blank field
justindarc,united states
farhanpatel,blank field
vbudhram,united states
st3fan,canada
farhanpatel,blank field
justindarc,united states
justindarc,united states
justindarc,united states
Flexoid1,blank field
jhugman,blank field
bkmunar,blank field
zhongwuzw,Undefined
jhugman,blank field
st3fan,canada
st3fan,canada
lemonYLX,blank field
sleroux,canada
st3fan,canada
farhanpatel,blank field
farhanpatel,blank field
justindarc,united states
justindarc,united states
npark-mozilla,canada
sleroux,canada
farhanpatel,blank field
farhanpatel,blank field
justindarc,united states
sleroux,canada
jhugman,blank field
sleroux,canada
st3fan,canada
eoger,canada
eoger,canada
sleroux,canada
kitcambridge,blank field
st3fan,canada
sleroux,canada
jhugman,blank field
sleroux,canada
Sdaswani,blank field
st3fan,canada
justindarc,united states
sleroux,canada
sleroux,canada
Sdaswani,blank field
bkmunar,blank field
farhanpatel,blank field
bkmunar,blank field
st3fan,canada
jacobwhite,blank field
isabelrios,blank field
bkmunar,blank field
eoger,canada
eoger,canada
sleroux,canada
st3fan,canada
sleroux,canada
sleroux,canada
jhugman,blank field
farhanpatel,blank field
sleroux,canada
farhanpatel,blank field
vbudhram,united states
Sdaswani,blank field
Sdaswani,blank field
sleroux,canada
farhanpatel,blank field
farhanpatel,blank field
farhanpatel,blank field
sleroux,canada
sleroux,canada
bkmunar,blank field
bkmunar,blank field
Sdaswani,blank field
sleroux,canada
isabelrios,blank field
farhanpatel,blank field
bkmunar,blank field
farhanpatel,blank field
farhanpatel,blank field
Sdaswani,blank field
jhugman,blank field
st3fan,canada
Sdaswani,blank field
bkmunar,blank field
justindarc,united states
sleroux,canada
bkmunar,blank field
sleroux,canada
isabelrios,blank field
st3fan,canada
farhanpatel,blank field
sleroux,canada
isabelrios,blank field
isabelrios,blank field
isabelrios,blank field
st3fan,canada
st3fan,canada
sleroux,canada
npark-mozilla,canada
jhugman,blank field
st3fan,canada
farhanpatel,blank field
isabelrios,blank field
st3fan,canada
justindarc,united states
jhugman,blank field
farhanpatel,blank field
farhanpatel,blank field
rnewman,blank field
st3fan,canada
jhugman,blank field
farhanpatel,blank field
st3fan,canada
st3fan,canada
farhanpatel,blank field
farhanpatel,blank field
iainbeeston,united kingdom
rnewman,blank field
jhugman,blank field
rnewman,blank field
rnewman,blank field
justindarc,united states
st3fan,canada
sleroux,canada
sleroux,canada
justindarc,united states
justindarc,united states
justindarc,united states
justindarc,united states
farhanpatel,blank field
farhanpatel,blank field
isabelrios,blank field
ncalexan,blank field
sleroux,canada
isabelrios,blank field
st3fan,canada
st3fan,canada
rnewman,blank field
npark-mozilla,canada
3Byuan,blank field
vbudhram,united states
justindarc,united states
sleroux,canada
bkmunar,blank field
jhugman,blank field
npark-mozilla,canada
MoMitch,blank field
sleroux,canada
sleroux,canada
farhanpatel,blank field
sleroux,canada
mkaply,united states
isabelrios,blank field
sleroux,canada
farhanpatel,blank field
farhanpatel,blank field
isabelrios,blank field
farhanpatel,blank field
bkmunar,blank field
sleroux,canada
sleroux,canada
isabelrios,blank field
sleroux,canada
isabelrios,blank field
farhanpatel,blank field
farhanpatel,blank field
jacobwhite,blank field
alessiobrozzi,blank field
mauryat,united states
justindarc,united states
justindarc,united states
isabelrios,blank field
jacobwhite,blank field
justindarc,united states
justindarc,united states
jhugman,blank field
isabelrios,blank field
justindarc,united states
sleroux,canada
npark-mozilla,canada
justindarc,united states
ghost,Undefined
mauryat,united states
jhugman,blank field
sleroux,canada
justindarc,united states
jacobwhite,blank field
sleroux,canada
sleroux,canada
sleroux,canada
jhugman,blank field
sleroux,canada
justindarc,united states
justindarc,united states
sleroux,canada
mauryat,united states
mauryat,united states
jacobwhite,blank field
jhugman,blank field
justindarc,united states
justindarc,united states
sleroux,canada
jhugman,blank field
bkmunar,blank field
bkmunar,blank field
jhugman,blank field
bkmunar,blank field
Delphine,blank field
Delphine,blank field
jacobwhite,blank field
fluffyemily,united kingdom
isabelrios,blank field
fluffyemily,united kingdom
justindarc,united states
Sdaswani,blank field
Sdaswani,blank field
csuciu,blank field
mauryat,united states
isabelrios,blank field
justindarc,united states
MoMitch,blank field
alessiobrozzi1,blank field
isabelrios,blank field
jacobwhite,blank field
jacobwhite,blank field
jacobwhite,blank field
jacobwhite,blank field
bkmunar,blank field
farhanpatel,blank field
justindarc,united states
sleroux,canada
farhanpatel,blank field
farhanpatel,blank field
npark-mozilla,canada
isabelrios,blank field
isabelrios,blank field
fluffyemily,united kingdom
jhugman,blank field
justindarc,united states
fluffyemily,united kingdom
farhanpatel,blank field
bkmunar,blank field
justindarc,united states
sleroux,canada
kspearrin,Undefined
bkmunar,blank field
justindarc,united states
farhanpatel,blank field
rayray,canada
bkmunar,blank field
sleroux,canada
sleroux,canada
bkmunar,blank field
sleroux,canada
farhanpatel,blank field
isabelrios,blank field
bhavnapanchal,japan
lemonYLX,blank field
lemonYLX,blank field
farhanpatel,blank field
bkmunar,blank field
Bunn,Undefined
sleroux,canada
farhanpatel,blank field
farhanpatel,blank field
Bunn,Undefined
sleroux,canada
bkmunar,blank field
st3fan,canada
st3fan,canada
sleroux,canada
sleroux,canada
jhugman,blank field
farhanpatel,blank field
farhanpatel,blank field
farhanpatel,blank field
bkmunar,blank field
farhanpatel,blank field
sleroux,canada
sleroux,canada
npark-mozilla,canada
jhugman,blank field
fluffyemily,united kingdom
isabelrios,blank field
sleroux,canada
fluffyemily,united kingdom
farhanpatel,blank field
fluffyemily,united kingdom
farhanpatel,blank field
sleroux,canada
jhugman,blank field
Bunn,Undefined
farhanpatel,blank field
farhanpatel,blank field
farhanpatel,blank field
farhanpatel,blank field
farhanpatel,blank field
farhanpatel,blank field
farhanpatel,blank field
farhanpatel,blank field
farhanpatel,blank field
npark-mozilla,canada
npark-mozilla,canada
npark-mozilla,canada
bkmunar,blank field
mauryat,united states
huayu0723,blank field
sleroux,canada
sleroux,canada
csuciu,blank field
fluffyemily,united kingdom
fluffyemily,united kingdom
farhanpatel,blank field
sleroux,canada
farhanpatel,blank field
bkmunar,blank field
bkmunar,blank field
sleroux,canada
jhugman,blank field
sleroux,canada
npark-mozilla,canada
sleroux,canada
fluffyemily,united kingdom
fluffyemily,united kingdom
fluffyemily,united kingdom
farhanpatel,blank field
farhanpatel,blank field
farhanpatel,blank field
farhanpatel,blank field
sleroux,canada
farhanpatel,blank field
sleroux,canada
fluffyemily,united kingdom
farhanpatel,blank field
fluffyemily,united kingdom
fluffyemily,united kingdom
st3fan,canada
sleroux,canada
farhanpatel,blank field
fluffyemily,united kingdom
fluffyemily,united kingdom
fluffyemily,united kingdom
farhanpatel,blank field
farhanpatel,blank field
sleroux,canada
fluffyemily,united kingdom
sleroux,canada
sleroux,canada
sleroux,canada
fluffyemily,united kingdom
fluffyemily,united kingdom
farhanpatel,blank field
bkmunar,blank field
npark-mozilla,canada
sleroux,canada
farhanpatel,blank field
fluffyemily,united kingdom
sleroux,canada
fluffyemily,united kingdom
fluffyemily,united kingdom
fluffyemily,united kingdom
fluffyemily,united kingdom
fluffyemily,united kingdom
fluffyemily,united kingdom
huayu0723,blank field
farhanpatel,blank field
st3fan,canada
sleroux,canada
fluffyemily,united kingdom
farhanpatel,blank field
bkmunar,blank field
farhanpatel,blank field
farhanpatel,blank field
st3fan,canada
fluffyemily,united kingdom
npark-mozilla,canada
sleroux,canada
ncalexan,blank field
Bunn,Undefined
farhanpatel,blank field
farhanpatel,blank field
farhanpatel,blank field
jhugman,blank field
huayu0723,blank field
huayu0723,blank field
farhanpatel,blank field
npark-mozilla,canada
fluffyemily,united kingdom
farhanpatel,blank field
sleroux,canada
fluffyemily,united kingdom
fluffyemily,united kingdom
fluffyemily,united kingdom
fluffyemily,united kingdom
farhanpatel,blank field
fluffyemily,united kingdom
huayu0723,blank field
mauryat,united states
npark-mozilla,canada
npark-mozilla,canada
fluffyemily,united kingdom
jhugman,blank field
farhanpatel,blank field
farhanpatel,blank field
rnewman,blank field
sleroux,canada
fluffyemily,united kingdom
vbudhram,united states
fluffyemily,united kingdom
fluffyemily,united kingdom
sleroux,canada
sleroux,canada
jhugman,blank field
lemonYLX,blank field
sleroux,canada
jhugman,blank field
vbudhram,united states
bkmunar,blank field
npark-mozilla,canada
sleroux,canada
cecetaca,venezuela
farhanpatel,blank field
farhanpatel,blank field
sleroux,canada
st3fan,canada
timcallahan1900,blank field
farhanpatel,blank field
farhanpatel,blank field
farhanpatel,blank field
npark-mozilla,canada
farhanpatel,blank field
farhanpatel,blank field
nirgin,blank field
npark-mozilla,canada
farhanpatel,blank field
singh19196,Undefined
farhanpatel,blank field
farhanpatel,blank field
npark-mozilla,canada
sleroux,canada
sleroux,canada
sleroux,canada
bkmunar,blank field
farhanpatel,blank field
codelahoma,united states
farhanpatel,blank field
farhanpatel,blank field
jakezeal,united states
sleroux,canada
st3fan,canada
sleroux,canada
farhanpatel,blank field
farhanpatel,blank field
npark-mozilla,canada
npark-mozilla,canada
farhanpatel,blank field
sleroux,canada
sleroux,canada
rnewman,blank field
sleroux,canada
farhanpatel,blank field
bkmunar,blank field
sleroux,canada
mauryat,united states
Delphine,blank field
Delphine,blank field
Delphine,blank field
bkmunar,blank field
npark-mozilla,canada
bkmunar,blank field
bkmunar,blank field
sleroux,canada
farhanpatel,blank field
thebnich,blank field
farhanpatel,blank field
farhanpatel,blank field
mobiledev052018,blank field
farhanpatel,blank field
npark-mozilla,canada
farhanpatel,blank field
vbudhram,united states
farhanpatel,blank field
farhanpatel,blank field
farhanpatel,blank field
farhanpatel,blank field
farhanpatel,blank field
rnewman,blank field
st3fan,canada
thebnich,blank field
sleroux,canada
sleroux,canada
farhanpatel,blank field
rnewman,blank field
farhanpatel,blank field
npark-mozilla,canada
farhanpatel,blank field
sleroux,canada
sleroux,canada
sleroux,canada
farhanpatel,blank field
st3fan,canada
bkmunar,blank field
bkmunar,blank field
st3fan,canada
bkmunar,blank field
sleroux,canada
st3fan,canada
sleroux,canada
sleroux,canada
sleroux,canada
sleroux,canada
st3fan,canada
bkmunar,blank field
sleroux,canada
farhanpatel,blank field
farhanpatel,blank field
JoelTheWriter,blank field
bkmunar,blank field
sleroux,canada
farhanpatel,blank field
bkmunar,blank field
farhanpatel,blank field
farhanpatel,blank field
lemonYLX,blank field
farhanpatel,blank field
bkmunar,blank field
sleroux,canada
CoderLXX,blank field
sleroux,canada
sleroux,canada
st3fan,canada
st3fan,canada
st3fan,canada
sleroux,canada
st3fan,canada
thePsguy,united states
farhanpatel,blank field
sleroux,canada
bkmunar,blank field
sleroux,canada
farhanpatel,blank field
farhanpatel,blank field
npark-mozilla,canada
sleroux,canada
farhanpatel,blank field
sleroux,canada
Bunn,Undefined
farhanpatel,blank field
mauryat,united states
farhanpatel,blank field
farhanpatel,blank field
Bunn,Undefined
farhanpatel,blank field
JoelTheWriter,blank field
npark-mozilla,canada
farhanpatel,blank field
Bunn,Undefined
thebnich,blank field
mauryat,united states
sleroux,canada
farhanpatel,blank field
farhanpatel,blank field
bkmunar,blank field
thebnich,blank field
farhanpatel,blank field
farhanpatel,blank field
mauryat,united states
farhanpatel,blank field
farhanpatel,blank field
sailee0327,blank field
farhanpatel,blank field
bkmunar,blank field
sleroux,canada
rnewman,blank field
sleroux,canada
JoelTheWriter,blank field
JoelTheWriter,blank field
farhanpatel,blank field
bkmunar,blank field
bkmunar,blank field
JoelTheWriter,blank field
farhanpatel,blank field
farhanpatel,blank field
farhanpatel,blank field
farhanpatel,blank field
farhanpatel,blank field
farhanpatel,blank field
npark-mozilla,canada
npark-mozilla,canada
sleroux,canada
farhanpatel,blank field
mauryat,united states
bkmunar,blank field
farhanpatel,blank field
thebnich,blank field
thebnich,blank field
farhanpatel,blank field
farhanpatel,blank field
sleroux,canada
mauryat,united states
lemonYLX,blank field
sarentz,blank field
farhanpatel,blank field
bkmunar,blank field
farhanpatel,blank field
bkmunar,blank field
bkmunar,blank field
fluffyemily,united kingdom
thebnich,blank field
fluffyemily,united kingdom
fluffyemily,united kingdom
thebnich,blank field
thebnich,blank field
sleroux,canada
sleroux,canada
sleroux,canada
mauryat,united states
farhanpatel,blank field
bkmunar,blank field
farhanpatel,blank field
farhanpatel,blank field
sleroux,canada
farhanpatel,blank field
mkaply,united states
farhanpatel,blank field
farhanpatel,blank field
farhanpatel,blank field
AaronMT,canada
sleroux,canada
thebnich,blank field
mkaply,united states
bkmunar,blank field
farhanpatel,blank field
farhanpatel,blank field
lemonYLX,blank field
farhanpatel,blank field
farhanpatel,blank field
sleroux,canada
farhanpatel,blank field
farhanpatel,blank field
bkmunar,blank field
travelerspb,new zealand
squelart,australia
farhanpatel,blank field
farhanpatel,blank field
farhanpatel,blank field
thebnich,blank field
bkmunar,blank field
thebnich,blank field
sleroux,canada
mauryat,united states
varkor,blank field
varkor,blank field
sleroux,canada
sleroux,canada
varkor,blank field
sleroux,canada
mauryat,united states
varkor,blank field
varkor,blank field
varkor,blank field
lemonYLX,blank field
thebnich,blank field
farhanpatel,blank field
varkor,blank field
Delphine,blank field
varkor,blank field
farhanpatel,blank field
varkor,blank field
varkor,blank field
varkor,blank field
varkor,blank field
varkor,blank field
varkor,blank field
varkor,blank field
varkor,blank field
varkor,blank field
varkor,blank field
farhanpatel,blank field
varkor,blank field
farhanpatel,blank field
farhanpatel,blank field
varkor,blank field
varkor,blank field
varkor,blank field
varkor,blank field
lemonYLX,blank field
varkor,blank field
varkor,blank field
varkor,blank field
varkor,blank field
tylerlacroix,blank field
jhugman,blank field
sleroux,canada
varkor,blank field
varkor,blank field
tylerlacroix,blank field
lemonYLX,blank field
varkor,blank field
varkor,blank field
varkor,blank field
varkor,blank field
sleroux,canada
varkor,blank field
varkor,blank field
eoger,canada
mauryat,united states
varkor,blank field
varkor,blank field
varkor,blank field
varkor,blank field
varkor,blank field
varkor,blank field
varkor,blank field
varkor,blank field
varkor,blank field
varkor,blank field
varkor,blank field
farhanpatel,blank field
sinewsoftware,blank field
varkor,blank field
varkor,blank field
sleroux,canada
tylerlacroix,blank field
varkor,blank field
tylerlacroix,blank field
fluffyemily,united kingdom
tylerlacroix,blank field
farhanpatel,blank field
sleroux,canada
mauryat,united states
varkor,blank field
varkor,blank field
lemonYLX,blank field
tylerlacroix,blank field
bkmunar,blank field
tylerlacroix,blank field
fluffyemily,united kingdom
tylerlacroix,blank field
mauryat,united states
mauryat,united states
thebnich,blank field
tylerlacroix,blank field
tylerlacroix,blank field
tylerlacroix,blank field
tylerlacroix,blank field
tylerlacroix,blank field
tylerlacroix,blank field
tylerlacroix,blank field
tylerlacroix,blank field
sleroux,canada
lemonYLX,blank field
mauryat,united states
varkor,blank field
varkor,blank field
varkor,blank field
sleroux,canada
sleroux,canada
thebnich,blank field
varkor,blank field
fluffyemily,united kingdom
varkor,blank field
sleroux,canada
varkor,blank field
sleroux,canada
varkor,blank field
varkor,blank field
tylerlacroix,blank field
varkor,blank field
st3fan,canada
sleroux,canada
fluffyemily,united kingdom
sleroux,canada
fluffyemily,united kingdom
fluffyemily,united kingdom
jhugman,blank field
jhugman,blank field
farhanpatel,blank field
varkor,blank field
thebnich,blank field
mkaply,united states
sleroux,canada
fluffyemily,united kingdom
fluffyemily,united kingdom
rnewman,blank field
mauryat,united states
thebnich,blank field
tylerlacroix,blank field
varkor,blank field
thebnich,blank field
khendry,united kingdom
Delphine,blank field
jhugman,blank field
jhugman,blank field
jhugman,blank field
sleroux,canada
jhugman,blank field
fluffyemily,united kingdom
fluffyemily,united kingdom
jhugman,blank field
fluffyemily,united kingdom
fluffyemily,united kingdom
farhanpatel,blank field
sleroux,canada
sleroux,canada
thebnich,blank field
tylerlacroix,blank field
fluffyemily,united kingdom
sleroux,canada
sleroux,canada
tylerlacroix,blank field
sleroux,canada
jhugman,blank field
fluffyemily,united kingdom
fluffyemily,united kingdom
sleroux,canada
jhugman,blank field
tylerlacroix,blank field
tylerlacroix,blank field
tylerlacroix,blank field
jacobwhite,blank field
rawisa,blank field
sleroux,canada
mauryat,united states
farhanpatel,blank field
flodolo,Undefined
farhanpatel,blank field
fluffyemily,united kingdom
fluffyemily,united kingdom
tylerlacroix,blank field
flodolo,Undefined
jhugman,blank field
flodolo,Undefined
mauryat,united states
jhugman,blank field
tylerlacroix,blank field
bkmunar,blank field
sleroux,canada
sleroux,canada
jhugman,blank field
fluffyemily,united kingdom
mauryat,united states
sleroux,canada
fluffyemily,united kingdom
fluffyemily,united kingdom
sleroux,canada
jhugman,blank field
fluffyemily,united kingdom
jhugman,blank field
fluffyemily,united kingdom
tylerlacroix,blank field
tylerlacroix,blank field
sleroux,canada
tylerlacroix,blank field
sleroux,canada
fluffyemily,united kingdom
fluffyemily,united kingdom
bkmunar,blank field
jhugman,blank field
jhugman,blank field
jhugman,blank field
jhugman,blank field
jhugman,blank field
jhugman,blank field
jhugman,blank field
jhugman,blank field
jhugman,blank field
thebnich,blank field
tylerlacroix,blank field
tylerlacroix,blank field
tylerlacroix,blank field
jhugman,blank field
fluffyemily,united kingdom
sleroux,canada
fluffyemily,united kingdom
Asgabani,india
fluffyemily,united kingdom
fluffyemily,united kingdom
thebnich,blank field
farhanpatel,blank field
sleroux,canada
farhanpatel,blank field
thebnich,blank field
tylerlacroix,blank field
jhugman,blank field
jhugman,blank field
jhugman,blank field
sleroux,canada
bkmunar,blank field
sleroux,canada
sleroux,canada
farhanpatel,blank field
sleroux,canada
jhugman,blank field
jhugman,blank field
jhugman,blank field
jhugman,blank field
tylerlacroix,blank field
tylerlacroix,blank field
thebnich,blank field
lemonYLX,blank field
lemonYLX,blank field
fluffyemily,united kingdom
tylerlacroix,blank field
st3fan,canada
fluffyemily,united kingdom
fluffyemily,united kingdom
fluffyemily,united kingdom
st3fan,canada
tylerlacroix,blank field
sleroux,canada
tylerlacroix,blank field
tylerlacroix,blank field
bkmunar,blank field
fluffyemily,united kingdom
sleroux,canada
tylerlacroix,blank field
tylerlacroix,blank field
fluffyemily,united kingdom
jhugman,blank field
jhugman,blank field
st3fan,canada
st3fan,canada
sleroux,canada
jhugman,blank field
mauryat,united states
st3fan,canada
thebnich,blank field
sleroux,canada
jhugman,blank field
farhanpatel,blank field
sleroux,canada
thebnich,blank field
mauryat,united states
jhugman,blank field
bkmunar,blank field
jhugman,blank field
tecgirl,united states
sleroux,canada
jhugman,blank field
st3fan,canada
mauryat,united states
jacobwhite,blank field
flodolo,Undefined
thebnich,blank field
sleroux,canada
thebnich,blank field
jhugman,blank field
sleroux,canada
thebnich,blank field
chardis,blank field
jacobwhite,blank field
farhanpatel,blank field
farhanpatel,blank field
jhugman,blank field
sleroux,canada
jhugman,blank field
fluffyemily,united kingdom
fluffyemily,united kingdom
jhugman,blank field
fluffyemily,united kingdom
thebnich,blank field
thebnich,blank field
sleroux,canada
gregstula,united states
fluffyemily,united kingdom
jhugman,blank field
bifurcation,blank field
mkaply,united states
bkmunar,blank field
fluffyemily,united kingdom
fluffyemily,united kingdom
fluffyemily,united kingdom
thebnich,blank field
fluffyemily,united kingdom
fluffyemily,united kingdom
jhugman,blank field
mkaply,united states
jhugman,blank field
fluffyemily,united kingdom
jhugman,blank field
jhugman,blank field
thebnich,blank field
farhanpatel,blank field
aelawson,united states
fluffyemily,united kingdom
fluffyemily,united kingdom
aelawson,united states
thebnich,blank field
fluffyemily,united kingdom
thebnich,blank field
st3fan,canada
fluffyemily,united kingdom
fluffyemily,united kingdom
aaronraimist,Undefined
st3fan,canada
st3fan,canada
sleroux,canada
farhanpatel,blank field
farhanpatel,blank field
farhanpatel,blank field
jhugman,blank field
fluffyemily,united kingdom
jhugman,blank field
st3fan,canada
jhugman,blank field
flodolo,Undefined
fluffyemily,united kingdom
flodolo,Undefined
fluffyemily,united kingdom
sleroux,canada
sleroux,canada
sleroux,canada
thebnich,blank field
fluffyemily,united kingdom
fluffyemily,united kingdom
sleroux,canada
fluffyemily,united kingdom
fluffyemily,united kingdom
thebnich,blank field
fluffyemily,united kingdom
aaronraimist,Undefined
thebnich,blank field
sleroux,canada
st3fan,canada
bkmunar,blank field
sleroux,canada
sleroux,canada
fluffyemily,united kingdom
fluffyemily,united kingdom
sleroux,canada
st3fan,canada
st3fan,canada
sleroux,canada
bkmunar,blank field
bkmunar,blank field
st3fan,canada
st3fan,canada
dozerman94,blank field
rnewman,blank field
rnewman,blank field
bkmunar,blank field
bkmunar,blank field
sleroux,canada
thebnich,blank field
st3fan,canada
sleroux,canada
thebnich,blank field
sleroux,canada
tiagomartinho,spain
sleroux,canada
cvan,united states
rnewman,blank field
st3fan,canada
rnewman,blank field
st3fan,canada
st3fan,canada
flodolo,Undefined
st3fan,canada
rnewman,blank field
thebnich,blank field
sleroux,canada
irew,blank field
jhugman,blank field
sleroux,canada
sleroux,canada
sleroux,canada
sleroux,canada
sleroux,canada
thebnich,blank field
farhanpatel,blank field
sleroux,canada
sleroux,canada
st3fan,canada
bkmunar,blank field
flodolo,Undefined
st3fan,canada
jhugman,blank field
st3fan,canada
farhanpatel,blank field
st3fan,canada
fluffyemily,united kingdom
fluffyemily,united kingdom
fluffyemily,united kingdom
fluffyemily,united kingdom
davidkwlam,canada
st3fan,canada
st3fan,canada
st3fan,canada
farhanpatel,blank field
st3fan,canada
fluffyemily,united kingdom
sleroux,canada
fluffyemily,united kingdom
rnewman,blank field
rnewman,blank field
farhanpatel,blank field
bkmunar,blank field
thebnich,blank field
farhanpatel,blank field
sleroux,canada
rnewman,blank field
rnewman,blank field
rnewman,blank field
fluffyemily,united kingdom
bkmunar,blank field
st3fan,canada
sleroux,canada
rnewman,blank field
sleroux,canada
sleroux,canada
thebnich,blank field
bkmunar,blank field
bkmunar,blank field
st3fan,canada
thebnich,blank field
st3fan,canada
st3fan,canada
thebnich,blank field
rnewman,blank field
sleroux,canada
sleroux,canada
st3fan,canada
shivbaijal,canada
st3fan,canada
bkmunar,blank field
farhanpatel,blank field
farhanpatel,blank field
sleroux,canada
sleroux,canada
sleroux,canada
sleroux,canada
tecgirl,united states
sleroux,canada
bkmunar,blank field
st3fan,canada
sleroux,canada
sleroux,canada
jhugman,blank field
bkmunar,blank field
sleroux,canada
sleroux,canada
fluffyemily,united kingdom
fluffyemily,united kingdom
aaronraimist,Undefined
bkmunar,blank field
rnewman,blank field
bkmunar,blank field
sleroux,canada
bkmunar,blank field
st3fan,canada
fluffyemily,united kingdom
fluffyemily,united kingdom
bkmunar,blank field
marcinwyszynski,poland
fluffyemily,united kingdom
fluffyemily,united kingdom
sleroux,canada
sleroux,canada
fluffyemily,united kingdom
thebnich,blank field
rnewman,blank field
sleroux,canada
fluffyemily,united kingdom
fluffyemily,united kingdom
thebnich,blank field
thebnich,blank field
thebnich,blank field
bkmunar,blank field
fluffyemily,united kingdom
fluffyemily,united kingdom
jhugman,blank field
sleroux,canada
rnewman,blank field
sleroux,canada
sleroux,canada
aaronraimist,Undefined
bkmunar,blank field
rnewman,blank field
sleroux,canada
sleroux,canada
fluffyemily,united kingdom
sleroux,canada
thebnich,blank field
rnewman,blank field
rnewman,blank field
kashyappanda,united states
thebnich,blank field
bkmunar,blank field
sleroux,canada
jhugman,blank field
fluffyemily,united kingdom
bkmunar,blank field
rnewman,blank field
bkmunar,blank field
fluffyemily,united kingdom
sleroux,canada
rnewman,blank field
fluffyemily,united kingdom
st3fan,canada
sleroux,canada
sleroux,canada
sleroux,canada
fluffyemily,united kingdom
sleroux,canada
sleroux,canada
st3fan,canada
garvankeeley,canada
st3fan,canada
bkmunar,blank field
jhugman,blank field
jhugman,blank field
sleroux,canada
jhugman,blank field
bkmunar,blank field
bkmunar,blank field
sleroux,canada
TheOriginalAlex,united states
fluffyemily,united kingdom
thebnich,blank field
thebnich,blank field
thebnich,blank field
jhugman,blank field
fluffyemily,united kingdom
sleroux,canada
fluffyemily,united kingdom
bkmunar,blank field
sleroux,canada
sleroux,canada
fluffyemily,united kingdom
fluffyemily,united kingdom
chardis,blank field
thebnich,blank field
thebnich,blank field
sleroux,canada
fluffyemily,united kingdom
fluffyemily,united kingdom
mystic123,united kingdom
fluffyemily,united kingdom
chardis,blank field
chardis,blank field
thebnich,blank field
bkmunar,blank field
sleroux,canada
sleroux,canada
st3fan,canada
bkmunar,blank field
bkmunar,blank field
sleroux,canada
sleroux,canada
tecgirl,united states
fluffyemily,united kingdom
jhugman,blank field
rnewman,blank field
fluffyemily,united kingdom
fluffyemily,united kingdom
fluffyemily,united kingdom
sleroux,canada
fluffyemily,united kingdom
rnewman,blank field
bkmunar,blank field
sleroux,canada
thebnich,blank field
thebnich,blank field
sleroux,canada
fluffyemily,united kingdom
st3fan,canada
st3fan,canada
st3fan,canada
chardis,blank field
chardis,blank field
chardis,blank field
chardis,blank field
bkmunar,blank field
sleroux,canada
fluffyemily,united kingdom
rnewman,blank field
bkmunar,blank field
fluffyemily,united kingdom
fluffyemily,united kingdom
sleroux,canada
jhugman,blank field
chardis,blank field
st3fan,canada
thebnich,blank field
bkmunar,blank field
sleroux,canada
sleroux,canada
fluffyemily,united kingdom
fluffyemily,united kingdom
bkmunar,blank field
bkmunar,blank field
fluffyemily,united kingdom
fluffyemily,united kingdom
fluffyemily,united kingdom
fluffyemily,united kingdom
bkmunar,blank field
thebnich,blank field
sleroux,canada
sleroux,canada
fluffyemily,united kingdom
fluffyemily,united kingdom
TETRA2000,japan
sleroux,canada
sleroux,canada
TETRA2000,japan
rnewman,blank field
sleroux,canada
sleroux,canada
sleroux,canada
gavinsharp,canada
sleroux,canada
fluffyemily,united kingdom
sleroux,canada
gavinsharp,canada
sleroux,canada
fluffyemily,united kingdom
sleroux,canada
sleroux,canada
K-mar,blank field
rnewman,blank field
st3fan,canada
sleroux,canada
sleroux,canada
sleroux,canada
sleroux,canada
fluffyemily,united kingdom
fluffyemily,united kingdom
K-mar,blank field
etiennesegonzac,france
thebnich,blank field
rnewman,blank field
thebnich,blank field
Johennes,blank field
gavinsharp,canada
sleroux,canada
fluffyemily,united kingdom
Johennes,blank field
chardis,blank field
roliusz,blank field
etiennesegonzac,france
chardis,blank field
sleroux,canada
ncalexan,blank field
Johennes,blank field
Johennes,blank field
rnewman,blank field
fluffyemily,united kingdom
st3fan,canada
sleroux,canada
rnewman,blank field
sleroux,canada
sleroux,canada
sleroux,canada
jhugman,blank field
rnewman,blank field
sleroux,canada
sleroux,canada
fluffyemily,united kingdom
thebnich,blank field
sleroux,canada
st3fan,canada
fluffyemily,united kingdom
rnewman,blank field
rnewman,blank field
fluffyemily,united kingdom
fluffyemily,united kingdom
etiennesegonzac,france
jhugman,blank field
Johennes,blank field
rnewman,blank field
fluffyemily,united kingdom
chardis,blank field
chardis,blank field
chardis,blank field
fluffyemily,united kingdom
fluffyemily,united kingdom
fluffyemily,united kingdom
jhugman,blank field
sleroux,canada
jhugman,blank field
etiennesegonzac,france
fluffyemily,united kingdom
thebnich,blank field
thebnich,blank field
st3fan,canada
jhugman,blank field
thebnich,blank field
sleroux,canada
mconnormoz,canada
sleroux,canada
fluffyemily,united kingdom
rnewman,blank field
st3fan,canada
st3fan,canada
thebnich,blank field
rnewman,blank field
sleroux,canada
sleroux,canada
rnewman,blank field
sleroux,canada
sleroux,canada
flodolo,Undefined
sleroux,canada
rnewman,blank field
sleroux,canada
sleroux,canada
fluffyemily,united kingdom
sleroux,canada
Johennes,blank field
dusek,czechia
Johennes,blank field
pikor,blank field
rnewman,blank field
thebnich,blank field
fluffyemily,united kingdom
ReadmeCritic,blank field
thebnich,blank field
pbernery,france
rnewman,blank field
st3fan,canada
jhugman,blank field
rnewman,blank field
sleroux,canada
rnewman,blank field
thebnich,blank field
sleroux,canada
sleroux,canada
st3fan,canada
sleroux,canada
sleroux,canada
sleroux,canada
rnewman,blank field
thebnich,blank field
thebnich,blank field
sleroux,canada
rnewman,blank field
sleroux,canada
fluffyemily,united kingdom
Johennes,blank field
Johennes,blank field
rnewman,blank field
rnewman,blank field
st3fan,canada
Johennes,blank field
rnewman,blank field
fruitcoder,germany
sleroux,canada
sleroux,canada
pbernery,france
rnewman,blank field
sleroux,canada
rnewman,blank field
st3fan,canada
sleroux,canada
Johennes,blank field
st3fan,canada
sleroux,canada
jhugman,blank field
Johennes,blank field
rnewman,blank field
st3fan,canada
rnewman,blank field
thebnich,blank field
fluffyemily,united kingdom
thebnich,blank field
tecgirl,united states
sleroux,canada
sleroux,canada
acenasir,canada
acenasir,canada
acenasir,canada
acenasir,canada
sleroux,canada
fluffyemily,united kingdom
sleroux,canada
joshdover,united states
sleroux,canada
jhugman,blank field
dhanvi,india
sleroux,canada
sleroux,canada
AaronMT,canada
rnewman,blank field
fluffyemily,united kingdom
thebnich,blank field
sleroux,canada
thebnich,blank field
thebnich,blank field
rnewman,blank field
st3fan,canada
vladikoff,Undefined
thebnich,blank field
sleroux,canada
sleroux,canada
sleroux,canada
sleroux,canada
st3fan,canada
rnewman,blank field
sleroux,canada
sleroux,canada
rnewman,blank field
thebnich,blank field
rnewman,blank field
rnewman,blank field
rnewman,blank field
sleroux,canada
fluffyemily,united kingdom
jhugman,blank field
rnewman,blank field
jhugman,blank field
jhugman,blank field
st3fan,canada
fluffyemily,united kingdom
sleroux,canada
sleroux,canada
fluffyemily,united kingdom
fluffyemily,united kingdom
rnewman,blank field
jhugman,blank field
rnewman,blank field
aaronraimist,Undefined
rnewman,blank field
ncalexan,blank field
jhugman,blank field
fluffyemily,united kingdom
fluffyemily,united kingdom
rnewman,blank field
sleroux,canada
sleroux,canada
sleroux,canada
makotokato,japan
rnewman,blank field
sleroux,canada
ncalexan,blank field
rnewman,blank field
sleroux,canada
sleroux,canada
thebnich,blank field
sleroux,canada
sleroux,canada
fluffyemily,united kingdom
rnewman,blank field
sleroux,canada
jhugman,blank field
sleroux,canada
sleroux,canada
darrinhenein,canada
st3fan,canada
st3fan,canada
st3fan,canada
st3fan,canada
st3fan,canada
ncalexan,blank field
fluffyemily,united kingdom
sleroux,canada
sleroux,canada
sleroux,canada
sleroux,canada
fluffyemily,united kingdom
jhugman,blank field
sleroux,canada
fluffyemily,united kingdom
fluffyemily,united kingdom
sachin004,united states
sleroux,canada
sleroux,canada
sleroux,canada
rnewman,blank field
sleroux,canada
sleroux,canada
sleroux,canada
rnewman,blank field
sleroux,canada
jhugman,blank field
fluffyemily,united kingdom
rnewman,blank field
fluffyemily,united kingdom
fluffyemily,united kingdom
fluffyemily,united kingdom
thebnich,blank field
thebnich,blank field
thebnich,blank field
rnewman,blank field
darrinhenein,canada
thebnich,blank field
thebnich,blank field
sleroux,canada
darrinhenein,canada
sleroux,canada
jhugman,blank field
jhugman,blank field
sleroux,canada
st3fan,canada
thebnich,blank field
darrinhenein,canada
rnewman,blank field
st3fan,canada
sleroux,canada
sleroux,canada
thebnich,blank field
sleroux,canada
sleroux,canada
sleroux,canada
sleroux,canada
AaronMT,canada
sleroux,canada
rnewman,blank field
rnewman,blank field
jhugman,blank field
thebnich,blank field
thebnich,blank field
st3fan,canada
st3fan,canada
rnewman,blank field
sleroux,canada
jhugman,blank field
st3fan,canada
sleroux,canada
sleroux,canada
sleroux,canada
fluffyemily,united kingdom
fluffyemily,united kingdom
fluffyemily,united kingdom
fluffyemily,united kingdom
sleroux,canada
sleroux,canada
knorrium,Undefined
sleroux,canada
sleroux,canada
thebnich,blank field
sleroux,canada
sleroux,canada
thebnich,blank field
rnewman,blank field
sleroux,canada
rnewman,blank field
fluffyemily,united kingdom
sleroux,canada
st3fan,canada
sleroux,canada
sleroux,canada
sleroux,canada
sleroux,canada
sleroux,canada
tecgirl,united states
sleroux,canada
sleroux,canada
sleroux,canada
thebnich,blank field
fluffyemily,united kingdom
sleroux,canada
sleroux,canada
sleroux,canada
sleroux,canada
fluffyemily,united kingdom
sleroux,canada
sleroux,canada
thebnich,blank field
kar1m,blank field
sleroux,canada
sleroux,canada
sleroux,canada
sleroux,canada
sleroux,canada
stulevine,united states
mzp,japan
rnewman,blank field
thebnich,blank field
thebnich,blank field
thebnich,blank field
thebnich,blank field
sleroux,canada
fluffyemily,united kingdom
fluffyemily,united kingdom
sleroux,canada
sleroux,canada
fluffyemily,united kingdom
rnewman,blank field
thebnich,blank field
thebnich,blank field
rnewman,blank field
fluffyemily,united kingdom
sleroux,canada
sleroux,canada
sleroux,canada
rnewman,blank field
sleroux,canada
sleroux,canada
sleroux,canada
sleroux,canada
dusek,czechia
sleroux,canada
st3fan,canada
sleroux,canada
fluffyemily,united kingdom
rnewman,blank field
fluffyemily,united kingdom
splewako,poland
fluffyemily,united kingdom
flodolo,Undefined
rnewman,blank field
sleroux,canada
sleroux,canada
st3fan,canada
rnewman,blank field
sleroux,canada
fluffyemily,united kingdom
fluffyemily,united kingdom
bkmunar,blank field
rnewman,blank field
st3fan,canada
sleroux,canada
fluffyemily,united kingdom
fluffyemily,united kingdom
fluffyemily,united kingdom
mconnormoz,canada
bkmunar,blank field
sleroux,canada
sleroux,canada
rnewman,blank field
rnewman,blank field
Johennes,blank field
sleroux,canada
thebnich,blank field
sleroux,canada
sleroux,canada
sleroux,canada
fluffyemily,united kingdom
fluffyemily,united kingdom
fluffyemily,united kingdom
ackratos,blank field
rnewman,blank field
rnewman,blank field
rnewman,blank field
rnewman,blank field
sleroux,canada
bkmunar,blank field
fluffyemily,united kingdom
fluffyemily,united kingdom
Johennes,blank field
bkmunar,blank field
thebnich,blank field
st3fan,canada
sleroux,canada
st3fan,canada
fluffyemily,united kingdom
sleroux,canada
st3fan,canada
rnewman,blank field
rnewman,blank field
rnewman,blank field
sleroux,canada
rnewman,blank field
sleroux,canada
sleroux,canada
sleroux,canada
thebnich,blank field
thebnich,blank field
thebnich,blank field
sleroux,canada
sleroux,canada
dhanvi,india
rnewman,blank field
bkmunar,blank field
bkmunar,blank field
rnewman,blank field
rnewman,blank field
rnewman,blank field
sleroux,canada
kar1m,blank field
flodolo,Undefined
fluffyemily,united kingdom
sleroux,canada
sleroux,canada
atulagrwl,blank field
atulagrwl,blank field
sleroux,canada
rnewman,blank field
thebnich,blank field
atulagrwl,blank field
rafaelstz,Undefined
sleroux,canada
st3fan,canada
darrinhenein,canada
sleroux,canada
bkmunar,blank field
st3fan,canada
darrinhenein,canada
thebnich,blank field
rnewman,blank field
rnewman,blank field
st3fan,canada
st3fan,canada
sleroux,canada
thebnich,blank field
fluffyemily,united kingdom
dusek,czechia
sleroux,canada
ncalexan,blank field
rafaelstz,Undefined
atulagrwl,blank field
darrinhenein,canada
darrinhenein,canada
thebnich,blank field
fluffyemily,united kingdom
fluffyemily,united kingdom
rnewman,blank field
bkmunar,blank field
rnewman,blank field
ackratos,blank field
bkmunar,blank field
rnewman,blank field
Johennes,blank field
kar1m,blank field
sleroux,canada
fluffyemily,united kingdom
fluffyemily,united kingdom
thebnich,blank field
thebnich,blank field
thebnich,blank field
wesj,blank field
wesj,blank field
bkmunar,blank field
sleroux,canada
sleroux,canada
sleroux,canada
ncalexan,blank field
rafaelstz,Undefined
atulagrwl,blank field
darrinhenein,canada
darrinhenein,canada
thebnich,blank field
fluffyemily,united kingdom
fluffyemily,united kingdom
rnewman,blank field
bkmunar,blank field
rnewman,blank field
ackratos,blank field
bkmunar,blank field
rnewman,blank field
Johennes,blank field
kar1m,blank field
sleroux,canada
fluffyemily,united kingdom
fluffyemily,united kingdom
thebnich,blank field
thebnich,blank field
thebnich,blank field
wesj,blank field
wesj,blank field
bkmunar,blank field
sleroux,canada
sleroux,canada
sleroux,canada
sleroux,canada
rnewman,blank field
thebnich,blank field
wesj,blank field
wesj,blank field
thebnich,blank field
rnewman,blank field
sleroux,canada
fluffyemily,united kingdom
darrinhenein,canada
sleroux,canada
thebnich,blank field
rnewman,blank field
sleroux,canada
kar1m,blank field
kar1m,blank field
bkmunar,blank field
fluffyemily,united kingdom
fluffyemily,united kingdom
kar1m,blank field
kar1m,blank field
sleroux,canada
sleroux,canada
sleroux,canada
codestergit,blank field
codestergit,blank field
bkmunar,blank field
thebnich,blank field
bkmunar,blank field
thebnich,blank field
flodolo,Undefined
fluffyemily,united kingdom
fluffyemily,united kingdom
wesj,blank field
rnewman,blank field
bkmunar,blank field
tecgirl,united states
bkmunar,blank field
wesj,blank field
wesj,blank field
rnewman,blank field
bkmunar,blank field
bkmunar,blank field
bkmunar,blank field
wesj,blank field
wesj,blank field
wesj,blank field
sleroux,canada
fluffyemily,united kingdom
thebnich,blank field
thebnich,blank field
kar1m,blank field
wesj,blank field
sleroux,canada
sleroux,canada
tecgirl,united states
bkmunar,blank field
flodolo,Undefined
fluffyemily,united kingdom
bkmunar,blank field
allenngn,united states
bkmunar,blank field
sleroux,canada
bkmunar,blank field
st3fan,canada
allenngn,united states
allenngn,united states
sleroux,canada
st3fan,canada
rnewman,blank field
wesj,blank field
wesj,blank field
bkmunar,blank field
st3fan,canada
fluffyemily,united kingdom
wesj,blank field
fluffyemily,united kingdom
ackratos,blank field
wesj,blank field
bkmunar,blank field
wesj,blank field
wesj,blank field
st3fan,canada
bkmunar,blank field
sleroux,canada
allenngn,united states
rnewman,blank field
taher-mosbah,france
taher-mosbah,france
taher-mosbah,france
wesj,blank field
st3fan,canada
bkmunar,blank field
bkmunar,blank field
thebnich,blank field
st3fan,canada
st3fan,canada
st3fan,canada
thebnich,blank field
st3fan,canada
bkmunar,blank field
wesj,blank field
thebnich,blank field
thebnich,blank field
wesj,blank field
kar1m,blank field
kar1m,blank field
thebnich,blank field
bkmunar,blank field
jhugman,blank field
bkmunar,blank field
sleroux,canada
taher-mosbah,france
sleroux,canada
fluffyemily,united kingdom
codestergit,blank field
dusek,czechia
bkmunar,blank field
shivamgeek,india
bkmunar,blank field
dusek,czechia
dusek,czechia
dusek,czechia
bkmunar,blank field
wesj,blank field
st3fan,canada
allenngn,united states
wesj,blank field
ackratos,blank field
thebnich,blank field
tecgirl,united states
bkmunar,blank field
allenngn,united states
bkmunar,blank field
thebnich,blank field
bkmunar,blank field
wesj,blank field
fluffyemily,united kingdom
st3fan,canada
darrinhenein,canada
st3fan,canada
st3fan,canada
ackratos,blank field
ackratos,blank field
dusek,czechia
jaredStef,blank field
kar1m,blank field
bkmunar,blank field
st3fan,canada
ackratos,blank field
sleroux,canada
wesj,blank field
darrinhenein,canada
fluffyemily,united kingdom
allenngn,united states
allenngn,united states
st3fan,canada
fluffyemily,united kingdom
fluffyemily,united kingdom
st3fan,canada
jhugman,blank field
darrinhenein,canada
darrinhenein,canada
darrinhenein,canada
st3fan,canada
fluffyemily,united kingdom
rnewman,blank field
rnewman,blank field
st3fan,canada
kar1m,blank field
st3fan,canada
darrinhenein,canada
rnewman,blank field
sleroux,canada
sleroux,canada
darrinhenein,canada
st3fan,canada
rnewman,blank field
sleroux,canada
dusek,czechia
dusek,czechia
st3fan,canada
dusek,czechia
st3fan,canada
st3fan,canada
st3fan,canada
wesj,blank field
st3fan,canada
bkmunar,blank field
darrinhenein,canada
st3fan,canada
st3fan,canada
ilhanadiyaman,blank field
sleroux,canada
wesj,blank field
bkmunar,blank field
fluffyemily,united kingdom
wesj,blank field
wesj,blank field
wesj,blank field
darrinhenein,canada
jhugman,blank field
rnewman,blank field
wesj,blank field
fluffyemily,united kingdom
darrinhenein,canada
darrinhenein,canada
rnewman,blank field
sleroux,canada
wesj,blank field
bkmunar,blank field
fluffyemily,united kingdom
sleroux,canada
wesj,blank field
wesj,blank field
darrinhenein,canada
fluffyemily,united kingdom
jaredStef,blank field
jhugman,blank field
darrinhenein,canada
thebnich,blank field
darrinhenein,canada
st3fan,canada
thebnich,blank field
jhugman,blank field
st3fan,canada
sleroux,canada
sleroux,canada
sleroux,canada
xusader,blank field
xusader,blank field
rnewman,blank field
bkmunar,blank field
sleroux,canada
sleroux,canada
sleroux,canada
thebnich,blank field
wesj,blank field
wesj,blank field
wesj,blank field
rnewman,blank field
bkmunar,blank field
thebnich,blank field
wesj,blank field
tecgirl,united states
tecgirl,united states
wesj,blank field
wesj,blank field
jchhikara,blank field
thebnich,blank field
wesj,blank field
sleroux,canada
wesj,blank field
jhugman,blank field
sleroux,canada
bkmunar,blank field
mralext20,blank field
wesj,blank field
bkmunar,blank field
st3fan,canada
sleroux,canada
sleroux,canada
rnewman,blank field
sleroux,canada
fluffyemily,united kingdom
jchhikara,blank field
thebnich,blank field
sleroux,canada
sleroux,canada
st3fan,canada
st3fan,canada
rnewman,blank field
st3fan,canada
fluffyemily,united kingdom
wesj,blank field
st3fan,canada
bkmunar,blank field
bkmunar,blank field
sleroux,canada
st3fan,canada
sleroux,canada
fluffyemily,united kingdom
fluffyemily,united kingdom
tecgirl,united states
wesj,blank field
rnewman,blank field
sleroux,canada
st3fan,canada
sleroux,canada
wesj,blank field
sleroux,canada
wesj,blank field
sleroux,canada
wesj,blank field
thebnich,blank field
thebnich,blank field
sleroux,canada
wesj,blank field
sleroux,canada
wesj,blank field
thebnich,blank field
thebnich,blank field
sleroux,canada
thebnich,blank field
st3fan,canada
sleroux,canada
darrinhenein,canada
wesj,blank field
xusader,blank field
xusader,blank field
rnewman,blank field
radazzouz,canada
thebnich,blank field
st3fan,canada
fluffyemily,united kingdom
fluffyemily,united kingdom
tecgirl,united states
wesj,blank field
thebnich,blank field
sleroux,canada
st3fan,canada
rnewman,blank field
sleroux,canada
dusek,czechia
dusek,czechia
sachin004,united states
rnewman,blank field
thebnich,blank field
ide,united states
wesj,blank field
st3fan,canada
sleroux,canada
sleroux,canada
st3fan,canada
st3fan,canada
sleroux,canada
sleroux,canada
wesj,blank field
rnewman,blank field
thebnich,blank field
wesj,blank field
wesj,blank field
wesj,blank field
sleroux,canada
wesj,blank field
sleroux,canada
rnewman,blank field
st3fan,canada
thebnich,blank field
tecgirl,united states
wesj,blank field
wesj,blank field
thebnich,blank field
thebnich,blank field
wesj,blank field
thebnich,blank field
sleroux,canada
thebnich,blank field
sleroux,canada
AaronMT,canada
thebnich,blank field
sleroux,canada
wesj,blank field
st3fan,canada
sleroux,canada
st3fan,canada
st3fan,canada
sleroux,canada
dusek,czechia
wesj,blank field
dusek,czechia
thebnich,blank field
sleroux,canada
sleroux,canada
st3fan,canada
sleroux,canada
b-andris,switzerland
wesj,blank field
sleroux,canada
sleroux,canada
wesj,blank field
sleroux,canada
thebnich,blank field
thebnich,blank field
thebnich,blank field
tecgirl,united states
st3fan,canada
st3fan,canada
sleroux,canada
thebnich,blank field
thebnich,blank field
rnewman,blank field
darrinhenein,canada
wesj,blank field
tecgirl,united states
thebnich,blank field
darrinhenein,canada
darrinhenein,canada
dusek,czechia
dusek,czechia
rnewman,blank field
wesj,blank field
wesj,blank field
wesj,blank field
rnewman,blank field
rnewman,blank field
wesj,blank field
dusek,czechia
dusek,czechia
wesj,blank field
wesj,blank field
rnewman,blank field
darrinhenein,canada
thebnich,blank field
thebnich,blank field
thebnich,blank field
darrinhenein,canada
st3fan,canada
rnewman,blank field
sachin004,united states
thebnich,blank field
thebnich,blank field
st3fan,canada
st3fan,canada
darrinhenein,canada
wesj,blank field
darrinhenein,canada
darrinhenein,canada
st3fan,canada
darrinhenein,canada
wesj,blank field
ncalexan,blank field
ncalexan,blank field
ncalexan,blank field
wesj,blank field
st3fan,canada
darrinhenein,canada
dusek,czechia
dusek,czechia
b-andris,switzerland
thebnich,blank field
wesj,blank field
thebnich,blank field
thebnich,blank field
wesj,blank field
wesj,blank field
st3fan,canada
rnewman,blank field
wesj,blank field
thebnich,blank field
ncalexan,blank field
darrinhenein,canada
st3fan,canada
jhugman,blank field
thebnich,blank field
ncalexan,blank field
ncalexan,blank field
sachin004,united states
thebnich,blank field
rnewman,blank field
wesj,blank field
st3fan,canada
st3fan,canada
AaronMT,canada
darrinhenein,canada
rnewman,blank field
wesj,blank field
thebnich,blank field
AaronMT,canada
darrinhenein,canada
ncalexan,blank field
ncalexan,blank field
st3fan,canada
st3fan,canada
flodolo,Undefined
rnewman,blank field
ncalexan,blank field
wesj,blank field
darrinhenein,canada
darrinhenein,canada
ilhanadiyaman,blank field
wesj,blank field
sachin004,united states
sachin004,united states
rnewman,blank field
st3fan,canada
rnewman,blank field
AaronMT,canada
darrinhenein,canada
rnewman,blank field
sachin004,united states
thebnich,blank field
wesj,blank field
tecgirl,united states
darrinhenein,canada
rnewman,blank field
darrinhenein,canada
darrinhenein,canada
AaronMT,canada
rnewman,blank field
wesj,blank field
rnewman,blank field
darrinhenein,canada
st3fan,canada
dusek,czechia
st3fan,canada
matthewpurcell,australia
dusek,czechia
dusek,czechia
sachin004,united states
wesj,blank field
wesj,blank field
thebnich,blank field
thebnich,blank field
st3fan,canada
wesj,blank field
st3fan,canada
AaronMT,canada
wesj,blank field
st3fan,canada
st3fan,canada
st3fan,canada
wesj,blank field
sachin004,united states
TomMcHugh,united states
ncalexan,blank field
st3fan,canada
sleroux,canada
jhugman,blank field
wesj,blank field
wesj,blank field
AaronMT,canada
rnewman,blank field
darrinhenein,canada
st3fan,canada
darrinhenein,canada
thebnich,blank field
wesj,blank field
st3fan,canada
st3fan,canada
st3fan,canada
st3fan,canada
wesj,blank field
wesj,blank field
thebnich,blank field
thebnich,blank field
thebnich,blank field
dusek,czechia
st3fan,canada
darrinhenein,canada
thebnich,blank field
darrinhenein,canada
thebnich,blank field
rnewman,blank field
sachin004,united states
ncalexan,blank field
wesj,blank field
wesj,blank field
st3fan,canada
thebnich,blank field
ncalexan,blank field
ncalexan,blank field
st3fan,canada
st3fan,canada
st3fan,canada
rnewman,blank field
st3fan,canada
rnewman,blank field
rnewman,blank field
rnewman,blank field
st3fan,canada
ncalexan,blank field
ncalexan,blank field
ncalexan,blank field
ncalexan,blank field
rnewman,blank field
thebnich,blank field
ncalexan,blank field
thebnich,blank field
matthewpurcell,australia
ncalexan,blank field
rnewman,blank field
darrinhenein,canada
thebnich,blank field
ncalexan,blank field
tecgirl,united states
tecgirl,united states
thebnich,blank field
AaronMT,canada
matthewpurcell,australia
rnewman,blank field
ncalexan,blank field
st3fan,canada
st3fan,canada
rnewman,blank field
ncalexan,blank field
thebnich,blank field
ncalexan,blank field
jhugman,blank field
thebnich,blank field
rnewman,blank field
thebnich,blank field
ncalexan,blank field
rnewman,blank field
st3fan,canada
st3fan,canada
st3fan,canada
st3fan,canada
st3fan,canada
st3fan,canada
st3fan,canada
jhugman,blank field
thebnich,blank field
ncalexan,blank field
thebnich,blank field
gowansg,united states
ncalexan,blank field
thebnich,blank field
ncalexan,blank field
jhugman,blank field
thebnich,blank field
sleroux,canada
wesj,blank field
thebnich,blank field
ncalexan,blank field
wesj,blank field
thebnich,blank field
wesj,blank field
ncalexan,blank field
thebnich,blank field
Gioyik,Undefined
ncalexan,blank field
aaronraimist,Undefined
ncalexan,blank field
thebnich,blank field
thebnich,blank field
wesj,blank field
st3fan,canada
wesj,blank field
wesj,blank field
st3fan,canada
sleroux,canada
thebnich,blank field
wesj,blank field
wesj,blank field
gowansg,united states
st3fan,canada
wesj,blank field
st3fan,canada
st3fan,canada
thebnich,blank field
st3fan,canada
wesj,blank field
wesj,blank field
st3fan,canada
wesj,blank field
wesj,blank field
sleroux,canada
thebnich,blank field
TomACPace,blank field
wesj,blank field
st3fan,canada
thebnich,blank field
MichaelKohler,switzerland
wesj,blank field
thebnich,blank field
thebnich,blank field
thebnich,blank field
thebnich,blank field
wesj,blank field
lyle-luan,blank field
wesj,blank field
wesj,blank field
st3fan,canada
thebnich,blank field
wesj,blank field
ncalexan,blank field
wesj,blank field
thebnich,blank field
st3fan,canada
wesj,blank field
wesj,blank field
wesj,blank field
wesj,blank field
lyle-luan,blank field
lyle-luan,blank field
st3fan,canada
thebnich,blank field
rnewman,blank field
rnewman,blank field
thebnich,blank field
st3fan,canada
ncalexan,blank field
st3fan,canada
ncalexan,blank field
wesj,blank field
thebnich,blank field
st3fan,canada
st3fan,canada
st3fan,canada
thebnich,blank field
thebnich,blank field
thebnich,blank field
st3fan,canada
st3fan,canada
thebnich,blank field
wesj,blank field
wesj,blank field
thebnich,blank field
st3fan,canada
st3fan,canada
st3fan,canada
wesj,blank field
st3fan,canada
dusek,czechia
st3fan,canada
dusek,czechia
rnewman,blank field
st3fan,canada
st3fan,canada
rnewman,blank field
st3fan,canada
st3fan,canada
thebnich,blank field
thebnich,blank field
wesj,blank field
wesj,blank field
lyle-luan,blank field
thebnich,blank field
thebnich,blank field
thebnich,blank field
st3fan,canada
st3fan,canada
dusek,czechia
st3fan,canada
st3fan,canada
thebnich,blank field
wesj,blank field
thebnich,blank field
rnewman,blank field
wesj,blank field
wesj,blank field
kylenoble,united states
wesj,blank field
wesj,blank field
wesj,blank field
wesj,blank field
hirohisa,japan
codestergit,blank field
aaronraimist,Undefined
apbendi,united states
rnewman,blank field
thebnich,blank field
palewar,india
st3fan,canada
Chuongv,united states
apbendi,united states
thebnich,blank field
wesj,blank field
thebnich,blank field
wesj,blank field
wesj,blank field
TBonnin,united kingdom
wesj,blank field
wesj,blank field
thebnich,blank field
Chuongv,united states
st3fan,canada
st3fan,canada
rnewman,blank field
rnewman,blank field
st3fan,canada
rnewman,blank field
Chuongv,united states
ncalexan,blank field
darthredskin,blank field
thebnich,blank field
RyanMaciel,blank field
epmatsw,united states
nghialv,Undefined
thebnich,blank field